"id_bu","sexo","edad","eval_gob_1","percepcion_2","percepcion_3","percepcion_4","percepcion_5","percepcion_6","democracia_21","confianza_6_d","confianza_6_i","confianza_6_k","confianza_6_o","confianza_6_p","confianza_i","clase_3","clase_4"
"1-93","2",52,3,2,1,1,2,3,3,3,4,4,3,4,1.4,3,4
"10-93","2",60,1,2,2,2,3,4,3,3,3,3,3,2,2.2,2,3
"100-93","2",34,1,3,2,2,3,3,1,2,4,4,3,3,1.8,2,3
"1000-93","1",21,1,3,2,2,4,3,3,3,3,3,2,3,2.2,2,3
"1001-93","2",33,1,3,1,2,4,5,2,1,3,3,3,3,2.4,1,2
"1002-93","1",62,1,3,3,1,3,5,1,4,3,3,4,3,1.6,1,1
"1003-93","2",41,1,1,2,2,2,4,1,1,3,4,1,3,2.6,3,2
"1004-93","2",46,1,1,1,1,3,3,1,3,3,4,3,2,2,3,4
"1005-93","2",29,1,3,1,1,4,4,3,2,3,3,1,2,2.8,2,2
"1006-93","1",20,1,3,1,1,3,3,2,2,3,2,2,3,2.6,2,3
"1007-93","1",57,1,2,2,2,4,2,1,4,4,4,3,3,1.4,3,4
"1008-93","2",25,1,3,3,1,3,5,1,1,1,1,1,1,4,1,1
"1009-93","1",82,1,2,2,1,2,3,3,3,3,4,2,2,2.2,2,3
"101-93","1",60,1,1,1,2,4,4,1,4,3,3,3,3,1.8,3,2
"1010-93","1",36,1,3,2,2,3,3,2,3,4,4,4,4,1.2,2,3
"1011-93","1",51,1,1,2,2,4,3,3,3,4,4,3,4,1.4,2,3
"1014-93","1",74,3,3,3,2,4,4,2,4,3,4,3,4,1.4,1,1
"1015-93","1",23,1,3,1,2,4,3,3,2,4,4,4,3,1.6,2,3
"1016-93","1",40,1,1,1,1,2,3,1,3,3,3,3,3,2,3,4
"1017-93","1",21,2,3,2,2,3,3,3,2,3,3,3,3,2.2,2,3
"1018-93","2",29,3,4,3,3,4,4,3,3,3,4,4,3,1.6,1,1
"1019-93","2",30,3,4,2,1,4,3,2,4,4,3,3,3,1.6,2,3
"102-93","1",64,1,3,3,2,1,4,1,3,3,3,3,3,2,1,1
"1020-93","2",85,1,2,1,1,1,3,1,4,4,4,3,4,1.2,3,4
"1021-93","2",64,1,2,2,2,3,3,3,3,4,3,3,3,1.8,2,3
"1022-93","1",62,1,3,2,1,3,3,3,3,3,4,3,2,2,2,3
"1023-93","2",77,1,2,3,1,4,5,2,4,4,4,3,4,1.2,1,2
"1024-93","2",48,1,2,3,2,4,4,3,3,3,3,2,3,2.2,1,2
"1025-93","2",43,1,2,2,2,4,3,1,4,4,4,3,3,1.4,2,3
"1026-93","2",40,1,4,3,1,4,1,3,3,4,4,3,4,1.4,1,1
"1027-93","1",27,1,2,3,1,3,3,1,2,4,3,3,3,2,1,3
"1028-93","2",40,1,3,2,2,2,3,2,3,4,4,2,4,1.6,2,3
"1029-93","2",58,3,2,2,2,2,3,2,3,2,2,1,2,3,2,3
"103-93","2",75,1,2,2,1,3,3,1,3,4,4,1,2,2.2,2,3
"1030-93","2",38,1,2,1,2,4,3,3,4,3,3,3,3,1.8,2,3
"1031-93","1",58,1,3,2,2,5,3,3,3,3,3,3,3,2,1,1
"1032-93","1",70,1,2,3,2,4,3,3,2,3,3,2,2,2.6,1,2
"1034-93","2",73,1,1,2,2,4,3,2,4,4,4,3,3,1.4,2,3
"1035-93","1",52,1,2,2,2,5,4,3,3,4,1,3,3,2.2,1,2
"1036-93","2",82,1,2,3,2,3,4,3,4,4,4,3,4,1.2,1,2
"1037-93","1",74,1,1,1,1,3,3,3,3,4,4,3,3,1.6,3,4
"1038-93","2",72,3,3,2,3,5,3,3,3,3,3,2,3,2.2,1,1
"1039-93","1",42,1,1,1,1,2,3,3,4,4,2,4,4,1.4,3,4
"1040-93","1",46,3,4,2,2,4,3,1,4,3,4,4,3,1.4,2,3
"1041-93","2",51,1,2,3,2,2,3,1,4,4,4,3,4,1.2,1,2
"1042-93","1",18,1,3,3,2,3,3,3,4,3,3,4,3,1.6,1,1
"1043-93","2",67,1,1,2,2,1,3,3,4,3,4,3,3,1.6,3,4
"1044-93","1",55,2,3,2,2,3,3,1,3,4,4,3,3,1.6,2,3
"1045-93","2",63,1,1,1,1,4,4,1,4,4,4,3,4,1.2,3,2
"1046-93","2",45,1,2,2,2,3,3,2,3,3,3,3,3,2,2,3
"1047-93","2",61,1,2,2,2,4,3,3,4,4,4,2,4,1.4,2,3
"1048-93","1",58,1,2,1,1,3,4,1,4,4,4,3,3,1.4,3,2
"1049-93","2",44,1,3,2,2,4,3,1,4,3,3,4,4,1.4,2,3
"1050-93","1",23,1,3,2,2,3,3,3,3,4,4,3,4,1.4,2,3
"1052-93","1",53,1,2,2,2,4,4,3,4,3,4,2,4,1.6,2,3
"1054-93","2",68,1,3,1,2,3,3,3,2,3,2,3,1,2.8,2,3
"1056-93","2",57,1,3,3,2,2,3,2,3,3,3,4,4,1.6,1,1
"1059-93","2",60,1,2,3,2,4,5,3,4,4,4,1,4,1.6,1,2
"106-93","1",41,1,1,1,2,1,2,1,4,4,4,4,4,1,3,4
"1062-93","1",38,1,3,2,2,3,5,2,2,4,3,3,3,2,1,1
"1063-93","2",42,3,4,2,3,4,4,3,4,2,4,3,4,1.6,1,1
"1064-93","1",45,2,3,2,2,3,3,2,3,3,3,4,3,1.8,2,3
"1065-93","2",45,1,2,1,2,2,5,1,1,3,3,3,1,2.8,3,2
"1066-93","2",44,1,1,1,1,3,4,1,3,4,4,4,4,1.2,3,2
"1067-93","1",32,1,3,3,1,5,5,3,3,3,3,4,3,1.8,1,1
"1068-93","2",37,1,3,1,1,4,5,3,3,4,4,4,4,1.2,1,2
"1069-93","2",43,1,1,1,1,3,3,1,2,4,3,2,4,2,3,4
"107-93","2",49,1,1,1,1,3,5,2,3,3,4,3,3,1.8,3,2
"1070-93","2",27,1,3,2,3,3,4,3,4,3,3,4,2,1.8,2,3
"1071-93","2",66,1,2,2,1,4,3,3,4,4,4,3,3,1.4,2,3
"1072-93","2",38,1,3,3,3,3,4,1,3,3,3,3,3,2,1,1
"1074-93","2",73,3,3,3,3,3,3,3,4,1,3,4,4,1.8,1,1
"1075-93","2",79,3,3,3,3,3,4,3,2,2,1,1,1,3.6,1,1
"1076-93","1",46,1,2,1,1,2,2,3,4,4,4,4,3,1.2,3,4
"1077-93","1",30,3,3,1,2,4,3,3,3,2,3,3,3,2.2,2,3
"1078-93","2",48,1,1,1,1,3,2,2,4,4,4,4,4,1,3,4
"1079-93","2",64,3,1,1,2,2,2,3,4,1,3,2,3,2.4,3,4
"108-93","1",79,1,4,2,3,3,3,3,4,4,4,4,4,1,2,3
"1080-93","2",61,1,3,2,2,3,3,3,3,4,4,4,3,1.4,2,3
"1082-93","1",56,1,1,1,2,4,3,2,3,3,4,3,3,1.8,3,4
"1083-93","2",34,1,4,2,2,4,3,2,4,4,4,4,4,1,2,3
"1084-93","2",39,1,2,2,1,2,3,2,4,4,3,3,4,1.4,2,3
"1085-93","2",39,3,3,2,3,4,3,3,3,2,3,3,3,2.2,2,3
"1086-93","2",58,1,2,2,1,4,3,1,3,3,3,3,3,2,2,3
"1088-93","2",51,1,1,1,1,1,3,2,4,4,4,4,4,1,3,4
"1089-93","2",39,1,3,2,2,4,3,3,3,4,4,3,3,1.6,2,3
"109-93","1",54,1,1,1,1,2,2,1,4,4,4,4,4,1,3,4
"1090-93","2",49,1,1,1,1,3,2,2,2,4,4,2,4,1.8,3,4
"1091-93","2",53,1,1,3,1,3,3,2,4,4,3,4,3,1.4,3,2
"1092-93","1",64,3,2,2,2,4,3,2,3,3,3,3,3,2,2,3
"1093-93","2",43,1,2,2,1,3,3,1,4,4,4,4,3,1.2,2,3
"1094-93","1",49,1,2,1,2,3,3,1,3,3,4,3,3,1.8,3,4
"1095-93","2",67,1,3,2,1,3,3,3,3,3,4,3,3,1.8,2,3
"1096-93","1",63,1,2,1,2,2,3,1,4,4,4,2,4,1.4,3,4
"1097-93","2",39,1,2,1,1,1,4,2,3,4,3,3,4,1.6,3,4
"1098-93","1",61,1,2,2,1,4,3,3,2,4,4,2,1,2.4,2,3
"1099-93","2",22,1,2,2,2,3,5,3,3,3,4,3,3,1.8,1,2
"11-93","1",71,1,1,1,1,4,2,1,4,4,4,4,4,1,3,4
"1100-93","2",42,1,2,2,2,3,3,3,4,4,4,3,3,1.4,2,3
"1101-93","2",63,1,1,1,1,3,3,3,4,4,3,3,3,1.6,3,4
"1102-93","2",46,1,1,1,1,3,4,2,4,4,4,4,4,1,3,2
"1103-93","1",28,1,2,2,2,4,3,3,3,3,4,3,3,1.8,2,3
"1104-93","1",67,3,4,3,2,4,3,3,2,1,3,2,2,3,1,1
"1105-93","1",66,1,2,2,1,3,3,1,4,4,4,4,4,1,2,3
"1106-93","1",25,1,3,1,2,4,3,3,3,3,2,2,2,2.6,2,3
"1107-93","2",33,1,1,1,1,2,4,1,4,4,4,3,4,1.2,3,4
"1108-93","1",54,1,3,2,3,3,3,1,3,3,3,3,3,2,2,3
"1109-93","2",36,1,3,2,3,3,3,1,3,4,4,3,4,1.4,2,3
"1110-93","2",71,1,2,1,1,3,2,1,4,4,3,3,4,1.4,3,4
"1111-93","2",18,3,3,1,3,2,5,2,3,2,3,2,2,2.6,1,2
"1112-93","2",70,1,2,3,2,4,3,1,3,4,3,3,3,1.8,1,2
"1114-93","1",58,3,4,3,3,4,3,3,3,1,3,3,3,2.4,1,1
"1115-93","1",43,1,1,1,1,5,5,1,3,4,4,4,4,1.2,1,2
"1116-93","1",55,3,3,2,2,4,3,1,3,4,3,2,3,2,2,3
"1117-93","2",56,1,3,2,1,3,5,3,4,4,3,3,4,1.4,1,1
"112-93","2",46,1,3,1,2,3,3,1,4,4,4,3,4,1.2,2,3
"1120-93","2",34,1,3,2,2,3,3,3,2,3,3,2,1,2.8,2,3
"1121-93","2",32,1,2,2,1,3,3,2,3,3,3,4,2,2,2,3
"1122-93","2",69,1,1,2,1,3,3,2,4,4,3,3,3,1.6,2,3
"1123-93","2",42,3,4,2,3,4,3,3,3,2,3,4,3,2,2,3
"1124-93","1",35,3,4,3,2,3,4,3,4,2,3,2,3,2.2,1,1
"1125-93","1",58,3,4,3,3,4,3,3,3,1,3,1,2,3,1,1
"1126-93","1",71,3,1,2,2,3,2,3,4,1,4,1,4,2.2,3,4
"1127-93","2",41,1,1,2,1,3,3,1,4,4,3,4,3,1.4,2,3
"1128-93","2",27,1,1,2,2,4,5,1,3,4,4,4,4,1.2,1,2
"1129-93","2",73,1,1,2,2,4,4,1,4,4,3,4,3,1.4,2,3
"113-93","2",60,1,2,1,2,3,3,2,4,4,4,4,4,1,3,4
"1130-93","1",65,1,4,2,3,3,3,1,3,3,3,3,3,2,2,3
"1131-93","1",47,3,3,3,3,3,4,2,3,2,3,2,2,2.6,1,1
"1132-93","1",66,1,3,2,1,5,5,2,3,3,4,1,3,2.2,1,1
"1133-93","2",65,3,3,1,1,1,3,1,3,3,3,3,4,1.8,3,4
"1134-93","1",70,1,3,2,2,4,3,3,1,3,2,2,2,3,2,3
"1135-93","2",80,1,2,2,2,3,3,3,3,4,4,3,1,2,2,3
"1136-93","2",48,3,3,2,3,4,3,3,4,1,4,3,2,2.2,2,3
"1137-93","2",47,3,4,3,3,5,4,3,3,2,4,3,3,2,1,1
"1138-93","2",59,3,3,1,2,2,3,1,3,4,3,4,4,1.4,2,3
"1139-93","1",56,1,3,2,2,4,3,3,4,4,4,4,4,1,2,3
"114-93","2",65,1,2,1,1,2,2,1,4,4,4,4,4,1,3,4
"1140-93","2",83,2,1,1,2,4,3,1,3,4,4,2,2,2,3,4
"1141-93","2",65,1,1,2,2,4,3,1,3,4,3,4,3,1.6,2,3
"1142-93","2",30,1,2,1,2,2,3,3,3,3,3,3,3,2,3,4
"1143-93","2",41,2,2,1,2,3,3,1,4,3,3,3,3,1.8,3,4
"1144-93","1",59,1,2,2,2,3,3,2,3,3,3,2,2,2.4,2,3
"1145-93","2",61,1,2,1,1,3,2,3,4,4,4,4,4,1,3,4
"1146-93","2",40,1,3,2,2,3,5,2,4,3,3,3,3,1.8,1,1
"1147-93","1",63,1,1,2,1,3,3,2,2,3,3,3,2,2.4,2,3
"1148-93","1",57,1,2,2,2,4,3,3,3,3,3,3,4,1.8,2,3
"1149-93","2",43,1,1,1,2,3,3,3,4,4,4,4,4,1,3,4
"115-93","1",30,1,2,2,1,3,3,1,3,3,3,3,3,2,2,3
"1150-93","1",68,1,2,1,2,3,2,3,4,3,3,3,3,1.8,3,4
"1151-93","2",68,1,2,1,2,2,2,3,4,4,4,2,4,1.4,3,4
"1153-93","1",27,1,3,2,2,3,3,1,3,4,4,3,4,1.4,2,3
"1155-93","2",52,1,2,2,1,3,3,1,4,3,4,3,3,1.6,2,3
"1156-93","2",65,1,2,2,1,3,3,1,4,4,4,3,3,1.4,2,3
"1157-93","2",79,1,2,2,2,3,3,2,4,4,4,3,4,1.2,2,3
"1158-93","2",68,3,3,3,3,4,4,2,4,4,4,4,4,1,1,1
"1159-93","2",50,1,3,1,2,3,3,3,4,4,4,3,3,1.4,2,3
"116-93","1",34,1,2,2,1,3,3,1,4,4,4,4,4,1,2,3
"1162-93","2",58,2,3,2,2,4,3,1,3,4,3,3,2,2,2,3
"1163-93","2",58,1,3,2,1,3,4,1,4,4,4,1,3,1.8,2,3
"1164-93","1",57,1,2,2,2,3,4,3,4,3,3,3,3,1.8,2,3
"1165-93","1",23,1,4,2,1,4,2,3,3,3,3,2,3,2.2,2,1
"1166-93","1",27,1,3,2,1,3,4,2,3,4,4,4,4,1.2,2,3
"1167-93","1",54,1,3,2,2,3,3,2,3,4,3,3,3,1.8,2,3
"1168-93","2",47,3,3,2,2,3,4,3,3,3,3,3,3,2,2,3
"117-93","1",53,1,1,1,1,3,3,1,4,4,4,3,4,1.2,3,4
"1171-93","1",65,3,2,2,2,4,3,3,3,4,4,4,3,1.4,2,3
"1172-93","1",47,1,3,2,2,4,3,1,3,3,4,2,3,2,2,3
"1173-93","1",59,1,1,2,2,2,3,3,4,4,4,3,4,1.2,3,4
"1174-93","1",69,1,2,3,2,3,2,1,3,3,4,2,3,2,3,4
"1175-93","2",39,1,2,2,2,3,4,3,3,4,4,3,3,1.6,2,3
"1176-93","1",57,1,2,2,1,3,3,1,3,4,4,2,4,1.6,2,3
"1177-93","1",82,3,3,1,3,4,3,3,3,2,4,3,3,2,2,3
"1178-93","2",39,1,3,3,2,2,4,3,3,3,3,3,3,2,1,2
"1179-93","1",26,1,3,2,2,3,4,2,3,3,3,3,2,2.2,2,3
"118-93","1",21,3,4,3,3,3,3,3,3,3,4,3,3,1.8,1,1
"1180-93","1",70,3,3,3,3,3,3,3,3,3,4,3,3,1.8,1,1
"1184-93","2",49,3,2,1,2,2,3,1,3,3,3,3,3,2,3,4
"1187-93","1",73,1,2,1,1,3,2,1,4,4,4,4,2,1.4,3,4
"1188-93","2",62,1,2,1,1,3,4,3,4,4,4,4,4,1,3,2
"1189-93","1",54,1,2,2,1,3,3,3,3,3,3,3,3,2,2,3
"119-93","2",30,3,3,2,3,2,4,3,3,3,3,3,3,2,2,3
"1190-93","2",63,3,3,2,3,3,4,3,4,2,3,3,2,2.2,2,3
"1193-93","1",70,1,1,1,1,2,2,2,4,1,4,4,4,1.6,3,4
"1194-93","2",58,1,3,1,2,3,4,1,4,3,4,2,3,1.8,2,2
"1195-93","2",22,3,4,3,3,3,4,2,3,3,3,2,3,2.2,1,1
"1196-93","1",23,2,2,2,2,4,3,3,4,3,4,3,4,1.4,2,3
"1197-93","2",26,3,4,2,3,4,5,3,3,2,2,2,3,2.6,1,1
"1198-93","1",46,1,3,3,2,4,5,1,1,3,3,3,3,2.4,1,1
"1199-93","2",32,3,2,2,3,3,3,1,3,4,4,3,3,1.6,2,3
"12-93","1",42,1,2,1,1,2,3,1,3,4,3,4,3,1.6,3,4
"120-93","2",18,1,3,2,2,4,4,3,3,3,3,2,3,2.2,2,3
"1200-93","1",33,2,2,2,2,4,3,1,2,3,3,3,3,2.2,2,3
"1201-93","2",59,1,1,2,1,2,4,1,4,4,4,1,3,1.8,3,2
"1203-93","2",69,1,2,2,2,4,3,1,3,3,4,4,4,1.4,2,3
"1204-93","2",22,1,2,2,2,3,4,3,3,3,3,3,3,2,2,3
"1205-93","1",23,1,2,3,1,4,4,2,3,2,2,2,2,2.8,1,2
"1209-93","2",19,3,2,1,2,3,3,1,2,2,2,3,3,2.6,3,4
"121-93","2",52,1,1,1,1,2,2,3,4,4,3,2,3,1.8,3,4
"1211-93","1",22,3,4,3,3,4,4,3,3,1,3,2,2,2.8,1,1
"1213-93","2",38,3,3,2,1,3,4,1,3,3,3,3,3,2,2,3
"1214-93","1",78,1,2,1,1,3,3,3,3,4,3,2,3,2,3,4
"1215-93","2",61,1,2,1,2,3,3,1,4,3,3,3,3,1.8,3,4
"1217-93","1",63,1,2,3,2,2,3,3,3,4,3,3,3,1.8,1,2
"1218-93","1",66,1,2,1,2,2,4,1,3,4,3,3,3,1.8,3,2
"122-93","2",27,1,3,1,2,4,4,3,3,3,3,3,2,2.2,2,2
"1221-93","1",60,1,3,2,2,4,3,3,3,4,3,3,3,1.8,2,3
"1222-93","2",28,3,1,2,3,2,1,3,4,4,4,4,4,1,3,4
"1223-93","1",40,1,1,1,1,3,5,1,4,4,4,4,4,1,3,2
"1224-93","2",71,1,2,1,1,4,3,1,4,3,3,2,2,2.2,2,3
"1225-93","2",41,1,2,2,2,3,4,1,4,4,4,2,4,1.4,2,3
"1226-93","2",23,3,4,2,3,3,4,3,4,1,4,4,4,1.6,2,1
"1227-93","2",43,3,4,3,3,3,3,3,3,1,3,3,3,2.4,1,1
"1228-93","2",33,1,2,2,2,2,4,1,4,4,3,4,4,1.2,3,2
"1229-93","2",37,3,4,2,2,3,3,3,3,3,4,2,3,2,2,3
"123-93","1",35,2,3,2,1,2,3,1,4,3,4,1,4,1.8,2,3
"1230-93","2",38,3,2,1,2,4,3,3,3,3,3,3,3,2,2,3
"1231-93","1",55,3,3,2,2,5,3,2,1,1,1,1,1,4,1,1
"1232-93","1",22,1,2,1,1,4,5,2,4,4,4,3,2,1.6,1,2
"1233-93","2",32,1,2,2,1,3,4,3,3,3,3,2,2,2.4,2,3
"1234-93","1",53,1,3,1,1,4,3,3,3,3,4,1,3,2.2,2,3
"1235-93","2",61,1,4,1,3,4,3,1,4,4,4,1,4,1.6,2,3
"1236-93","1",59,3,3,2,2,2,4,3,2,2,3,2,2,2.8,2,3
"1237-93","1",50,1,3,2,1,3,3,1,4,3,4,3,3,1.6,2,3
"1238-93","2",68,2,3,1,1,3,4,3,3,3,3,3,3,2,2,2
"1239-93","1",44,3,4,2,3,3,4,3,4,2,4,3,4,1.6,2,1
"1240-93","1",49,1,3,1,1,3,3,3,4,3,3,3,3,1.8,2,3
"1241-93","2",22,1,2,1,1,2,3,2,3,3,4,3,3,1.8,3,4
"1242-93","1",26,1,2,2,2,2,5,1,3,3,4,2,4,1.8,1,2
"1243-93","1",38,3,4,2,3,3,3,3,3,2,4,3,2,2.2,2,3
"1244-93","1",61,1,3,2,1,3,3,3,3,3,3,3,3,2,2,3
"1245-93","1",49,1,2,2,1,3,3,2,3,4,3,2,4,1.8,2,3
"1246-93","2",57,3,3,3,2,3,4,3,3,2,3,2,3,2.4,1,1
"1247-93","2",48,1,2,2,2,3,4,1,3,3,3,2,3,2.2,2,3
"1248-93","2",32,2,2,1,1,2,3,3,3,3,3,3,4,1.8,3,4
"1249-93","2",66,1,2,1,2,3,2,1,4,4,4,3,4,1.2,3,4
"125-93","1",39,1,2,2,2,3,3,2,4,3,4,3,4,1.4,2,3
"1250-93","2",58,3,2,2,2,3,3,3,4,2,4,3,4,1.6,2,3
"1251-93","1",57,1,2,2,2,3,3,3,3,4,3,2,3,2,2,3
"1252-93","2",51,1,2,2,1,3,3,1,3,4,3,2,3,2,2,3
"1253-93","2",58,1,3,2,1,4,3,1,4,4,3,3,3,1.6,2,3
"1254-93","2",47,1,2,2,2,4,3,3,3,3,4,2,2,2.2,2,3
"1255-93","1",53,3,3,1,3,4,3,3,4,2,4,3,4,1.6,2,3
"1257-93","2",33,3,2,2,3,3,3,3,4,3,4,3,3,1.6,2,3
"1258-93","1",29,1,3,1,1,3,3,3,3,3,3,3,3,2,2,3
"1259-93","1",51,1,2,1,1,3,3,1,4,4,3,3,3,1.6,3,4
"126-93","1",45,1,2,1,1,2,2,1,4,4,4,4,4,1,3,4
"1260-93","1",61,2,2,2,2,4,4,1,4,3,4,2,4,1.6,2,3
"1261-93","1",68,3,4,3,2,3,3,3,4,2,4,3,3,1.8,1,1
"1262-93","1",49,1,2,2,1,3,3,1,4,4,4,2,4,1.4,2,3
"1263-93","2",30,3,3,3,3,3,3,3,3,2,3,3,3,2.2,1,1
"1264-93","2",74,1,1,2,1,1,3,3,4,4,4,3,4,1.2,3,4
"1265-93","2",75,3,2,3,3,4,3,3,4,3,2,3,3,2,1,2
"1267-93","1",43,3,4,2,2,3,3,1,4,2,4,3,4,1.6,2,3
"1268-93","1",69,1,3,2,1,3,3,3,4,3,4,2,3,1.8,2,3
"1269-93","1",81,3,3,2,3,4,3,3,3,1,4,3,3,2.2,2,3
"1270-93","2",32,1,2,2,1,3,3,1,4,4,4,4,4,1,2,3
"1271-93","1",28,1,2,1,1,4,3,3,2,4,4,3,3,1.8,2,3
"1272-93","1",70,1,3,1,1,4,3,2,2,4,3,2,3,2.2,2,3
"1273-93","1",76,1,2,1,2,3,3,3,3,4,3,4,3,1.6,3,4
"1274-93","1",69,1,2,1,2,3,3,2,3,2,4,2,4,2,3,4
"1275-93","2",49,3,3,3,2,4,3,2,4,4,3,3,4,1.4,1,1
"1276-93","1",67,1,3,2,1,2,3,1,2,2,2,1,2,3.2,2,3
"1277-93","2",69,1,3,3,3,3,4,1,4,4,4,2,4,1.4,1,1
"1278-93","1",32,3,3,2,1,4,3,1,2,4,4,3,3,1.8,2,3
"1279-93","1",26,1,3,2,2,2,3,1,4,4,4,4,4,1,2,3
"128-93","2",36,2,1,2,2,3,3,3,4,4,4,4,4,1,2,3
"1280-93","1",43,1,1,1,1,4,3,2,4,4,4,4,4,1,3,4
"1281-93","2",51,2,3,2,2,3,3,3,3,3,4,3,3,1.8,2,3
"1282-93","1",37,3,5,3,2,4,3,3,3,1,3,3,3,2.4,1,1
"1283-93","2",57,1,2,2,2,3,4,1,3,1,3,3,3,2.4,2,3
"1284-93","2",53,1,3,2,2,2,3,3,3,3,4,3,3,1.8,2,3
"1285-93","2",18,2,2,2,2,3,4,3,4,3,4,3,4,1.4,2,3
"1286-93","2",26,3,3,2,2,4,3,1,3,3,4,3,3,1.8,2,3
"1287-93","1",30,1,3,2,2,3,3,1,3,4,4,3,3,1.6,2,3
"1288-93","2",28,1,2,3,2,3,4,3,3,3,2,3,4,2,1,2
"1289-93","1",26,1,2,2,2,3,4,3,3,3,3,3,3,2,2,3
"1290-93","2",30,1,3,1,2,3,3,3,4,4,3,4,4,1.2,2,3
"1291-93","1",37,3,4,2,2,3,5,3,3,1,3,3,1,2.8,1,1
"1292-93","2",38,1,3,2,2,3,3,3,3,3,3,3,3,2,2,3
"1293-93","2",22,1,2,3,2,2,4,3,3,3,3,3,3,2,1,2
"1294-93","2",23,1,2,1,2,4,4,1,3,4,4,3,3,1.6,3,2
"1295-93","1",30,1,2,2,1,2,3,3,3,3,3,3,3,2,2,3
"1296-93","1",55,3,3,3,2,3,4,1,2,1,3,3,3,2.6,1,1
"1298-93","2",45,1,3,3,2,3,5,3,2,1,1,1,1,3.8,1,1
"1299-93","2",57,1,4,2,2,3,3,2,4,4,3,3,3,1.6,2,3
"13-93","2",54,3,2,1,2,3,3,1,3,3,3,3,3,2,3,4
"130-93","1",67,3,3,2,3,3,3,1,3,4,2,3,3,2,2,3
"1300-93","2",71,1,3,2,1,3,4,2,4,4,4,4,4,1,2,3
"1301-93","1",80,1,2,2,1,2,3,2,2,4,4,4,4,1.4,2,3
"1302-93","1",66,3,3,3,2,3,4,1,4,4,4,4,4,1,1,1
"1303-93","2",71,1,2,2,2,2,2,1,4,4,4,4,4,1,3,4
"1304-93","2",63,1,2,2,2,2,4,3,3,3,4,3,2,2,3,2
"1305-93","2",54,3,4,2,2,4,3,3,4,3,4,3,3,1.6,2,3
"1306-93","2",59,1,2,1,1,3,3,1,4,4,4,4,4,1,3,4
"1307-93","1",21,2,3,1,2,4,4,3,2,3,4,3,3,2,2,2
"1310-93","2",36,1,2,2,1,3,5,2,1,4,4,2,4,2,1,2
"1313-93","2",53,1,3,2,2,4,4,1,4,3,4,3,3,1.6,2,3
"1314-93","1",36,3,3,2,2,3,4,1,4,4,4,4,4,1,2,3
"1315-93","1",19,1,3,1,2,3,4,1,3,4,3,2,3,2,2,2
"1316-93","1",40,2,3,2,2,3,3,1,4,3,4,4,4,1.2,2,3
"1317-93","1",21,1,2,1,1,4,2,2,3,3,3,3,3,2,3,4
"1319-93","1",28,1,3,1,2,4,3,3,2,3,3,3,3,2.2,2,3
"132-93","2",18,1,2,2,2,3,3,1,4,4,4,4,4,1,2,3
"1320-93","2",19,1,3,1,1,3,4,2,3,3,3,1,2,2.6,2,2
"1321-93","1",87,1,3,1,2,3,3,3,4,4,4,1,1,2.2,2,3
"1322-93","2",57,3,5,3,3,3,3,3,3,2,4,3,4,1.8,1,1
"1323-93","1",69,1,2,1,1,3,4,2,4,4,4,4,4,1,3,2
"1324-93","2",47,1,2,1,2,3,3,2,3,4,4,3,3,1.6,3,4
"1326-93","2",54,3,4,2,3,3,3,3,2,2,2,3,3,2.6,2,3
"1327-93","2",30,3,3,3,3,5,4,3,3,2,4,1,4,2.2,1,1
"1328-93","1",23,1,3,2,2,3,3,1,3,3,3,3,3,2,2,3
"1329-93","2",24,1,3,1,1,3,2,1,1,4,4,3,3,2,3,4
"133-93","2",25,1,3,3,2,3,4,1,3,3,3,2,3,2.2,1,1
"1330-93","2",73,1,2,3,1,3,4,3,4,4,4,3,3,1.4,1,2
"1331-93","1",38,3,4,2,2,3,3,1,3,3,3,3,3,2,2,3
"1332-93","2",46,1,2,1,1,4,5,2,2,4,2,2,2,2.6,1,2
"1334-93","2",65,3,3,2,3,2,4,2,4,2,4,2,4,1.8,2,3
"1335-93","2",72,3,2,3,3,3,3,1,4,4,4,4,4,1,1,3
"1336-93","2",48,3,3,2,3,3,3,3,3,2,3,3,3,2.2,2,3
"1337-93","2",52,1,3,1,2,2,3,2,2,4,2,1,2,2.8,2,3
"1338-93","1",47,1,3,2,2,3,3,1,3,4,3,3,3,1.8,2,3
"1339-93","2",62,3,3,2,2,3,3,3,4,3,3,3,3,1.8,2,3
"134-93","2",36,1,2,2,2,3,4,1,4,3,4,4,4,1.2,2,3
"1340-93","2",50,1,2,1,1,2,2,2,2,4,2,2,2,2.6,3,4
"1341-93","2",30,3,3,2,2,3,4,3,4,4,4,2,4,1.4,2,3
"1342-93","1",67,1,1,2,1,2,3,1,3,4,3,3,3,1.8,3,4
"1343-93","2",41,3,5,3,3,4,4,2,4,4,4,4,4,1,1,1
"1345-93","1",48,3,4,3,3,4,3,3,3,1,2,1,3,3,1,1
"1346-93","1",20,3,3,2,2,3,3,1,4,4,2,2,4,1.8,2,3
"1347-93","2",64,1,1,1,1,2,2,2,4,4,4,3,4,1.2,3,4
"1348-93","1",62,1,3,2,2,3,3,1,4,4,4,2,4,1.4,2,3
"1349-93","2",77,1,3,2,2,2,3,1,4,4,4,4,4,1,2,3
"135-93","2",25,1,2,2,2,4,4,1,3,4,3,3,3,1.8,2,3
"1351-93","2",27,1,1,1,1,4,3,1,4,4,4,4,4,1,3,4
"1352-93","1",75,2,2,2,1,3,4,1,4,3,4,3,3,1.6,2,3
"1354-93","2",30,1,3,3,2,4,4,1,3,3,3,3,3,2,1,1
"1355-93","2",62,1,3,1,2,2,3,1,4,4,4,4,3,1.2,2,3
"1356-93","1",61,1,2,2,2,3,3,3,3,3,3,2,4,2,2,3
"1357-93","2",57,1,2,1,1,3,2,2,4,4,4,2,3,1.6,3,4
"1358-93","1",54,3,2,2,2,3,5,3,4,2,4,4,3,1.6,1,2
"1359-93","2",74,1,1,2,2,2,2,1,4,4,4,3,4,1.2,3,4
"136-93","2",63,3,4,3,3,4,4,2,2,3,3,2,3,2.4,1,1
"1360-93","1",40,1,2,3,2,4,4,3,4,4,4,2,4,1.4,1,2
"1361-93","2",64,1,1,1,2,3,3,2,4,4,4,4,4,1,3,4
"1362-93","1",55,3,1,2,2,4,4,3,4,3,4,4,4,1.2,2,3
"1363-93","2",66,1,2,1,2,4,4,3,4,4,1,4,4,1.6,3,2
"1364-93","2",59,1,2,3,2,3,4,2,3,4,4,4,3,1.4,1,2
"1365-93","1",28,3,4,3,2,4,3,2,4,4,4,4,4,1,1,1
"1366-93","2",52,1,3,2,1,3,3,2,4,4,4,4,4,1,2,3
"1367-93","2",72,3,3,3,2,3,3,3,3,3,3,3,3,2,1,1
"1368-93","1",53,1,3,1,1,3,3,1,3,3,3,3,3,2,2,3
"1369-93","2",58,1,3,2,1,3,3,1,4,4,3,3,4,1.4,2,3
"137-93","2",72,1,2,2,2,2,4,1,3,4,3,3,4,1.6,3,2
"1371-93","2",83,1,3,1,2,3,3,2,4,4,4,4,1,1.6,2,3
"1372-93","2",55,1,2,1,1,3,4,3,4,4,4,4,4,1,3,2
"1374-93","2",62,3,3,3,3,3,4,1,4,4,4,4,4,1,1,1
"1375-93","2",45,1,2,2,1,3,3,3,3,3,3,3,3,2,2,3
"1377-93","2",56,3,3,2,2,4,3,3,4,2,3,3,4,1.8,2,3
"1378-93","1",37,3,4,3,3,4,5,3,3,2,3,2,3,2.4,1,1
"138-93","2",40,1,2,2,2,2,3,1,4,4,4,3,3,1.4,2,3
"1380-93","1",45,1,3,2,1,4,3,3,3,3,3,3,3,2,2,3
"1381-93","2",39,1,3,2,2,3,3,1,3,3,3,2,3,2.2,2,3
"1382-93","2",43,1,3,1,2,3,4,1,4,4,3,3,3,1.6,2,2
"1383-93","2",70,1,3,1,2,4,3,1,4,4,4,4,3,1.2,2,3
"1384-93","2",46,1,2,2,2,3,4,2,2,3,3,3,3,2.2,2,3
"1385-93","2",53,1,1,1,2,3,3,1,4,4,4,4,3,1.2,3,4
"1386-93","2",56,1,1,2,1,3,3,1,4,4,3,4,3,1.4,2,3
"1387-93","2",64,1,2,1,1,3,3,1,3,3,3,3,3,2,3,4
"1389-93","2",28,3,4,2,2,4,3,3,3,3,4,3,3,1.8,2,3
"1390-93","1",18,1,2,1,1,4,4,2,4,4,4,4,4,1,3,2
"1391-93","2",73,3,3,3,3,4,4,1,3,2,4,3,4,1.8,1,1
"1392-93","1",44,1,3,2,2,4,3,3,4,4,3,3,4,1.4,2,3
"1393-93","2",67,2,3,2,2,3,4,1,4,4,4,3,4,1.2,2,3
"1394-93","2",62,1,2,1,1,3,3,1,4,4,4,3,4,1.2,3,4
"1395-93","2",57,1,1,3,1,3,5,3,3,4,4,1,3,2,1,2
"1396-93","2",52,1,5,2,2,4,5,1,4,4,4,3,4,1.2,1,1
"1397-93","2",55,3,3,3,2,4,4,3,4,4,4,4,4,1,1,1
"1398-93","2",71,1,2,2,2,2,3,3,3,3,3,3,4,1.8,2,3
"1399-93","2",32,1,3,1,1,3,4,2,4,4,4,2,4,1.4,2,2
"140-93","2",78,1,2,1,2,3,3,1,4,4,4,4,3,1.2,3,4
"1400-93","2",35,2,2,1,1,4,3,1,4,4,4,2,3,1.6,2,3
"1401-93","2",59,1,2,2,1,3,3,3,3,4,3,3,3,1.8,2,3
"1402-93","2",50,1,3,1,2,3,3,1,3,3,3,3,3,2,2,3
"1403-93","1",46,1,2,1,2,4,4,3,3,3,3,3,3,2,3,2
"1404-93","1",48,1,2,3,1,1,3,3,2,4,3,2,1,2.6,3,4
"1405-93","2",56,1,1,1,1,4,3,2,4,4,4,3,3,1.4,3,4
"1406-93","2",60,1,1,1,1,2,3,1,4,3,4,2,3,1.8,3,4
"1407-93","2",31,1,2,2,2,3,4,3,3,3,3,3,3,2,2,3
"1408-93","2",22,1,3,2,3,4,2,1,2,3,2,3,3,2.4,2,3
"1409-93","1",29,1,3,2,1,3,5,1,3,3,3,3,3,2,1,1
"141-93","2",45,1,2,1,2,3,4,1,3,3,4,3,3,1.8,3,2
"1411-93","2",54,1,2,2,1,4,3,3,3,3,3,3,3,2,2,3
"1413-93","2",31,1,2,2,1,3,4,3,3,3,3,3,2,2.2,2,3
"1414-93","2",58,1,3,1,1,3,5,1,3,3,3,2,3,2.2,1,2
"1415-93","2",37,1,3,3,3,5,5,2,3,3,3,1,3,2.4,1,1
"1416-93","1",32,1,2,1,2,2,4,1,3,4,3,3,3,1.8,3,2
"1417-93","2",76,1,2,1,1,3,2,1,4,4,4,3,4,1.2,3,4
"1418-93","1",36,1,1,3,1,5,3,2,3,3,4,2,4,1.8,1,1
"1419-93","2",36,1,1,1,2,2,3,3,3,3,2,3,2,2.4,3,4
"142-93","2",58,1,3,1,1,2,2,1,4,4,4,4,4,1,3,4
"1420-93","2",35,1,3,2,2,4,3,3,4,4,4,3,4,1.2,2,3
"1421-93","1",44,3,4,2,3,4,3,3,4,3,4,3,4,1.4,2,3
"1422-93","2",61,3,4,2,3,4,3,3,4,2,3,3,3,2,2,3
"1423-93","2",30,3,4,2,3,3,3,3,2,2,3,2,2,2.8,2,3
"1424-93","2",26,3,2,2,3,3,5,3,3,4,3,2,3,2,1,2
"1425-93","1",73,3,2,1,3,3,4,3,2,1,4,3,3,2.4,3,2
"1426-93","2",72,1,1,2,1,3,3,1,3,4,4,3,4,1.4,2,3
"1427-93","1",28,1,3,1,2,3,3,1,3,3,3,4,3,1.8,2,3
"1428-93","1",40,1,2,2,2,3,3,1,3,3,4,4,3,1.6,2,3
"1429-93","2",66,3,2,2,2,2,3,3,4,2,4,4,4,1.4,2,3
"143-93","1",41,1,3,3,2,3,4,1,3,3,3,3,4,1.8,1,1
"1431-93","2",25,1,2,2,2,1,3,1,4,3,4,3,4,1.4,3,4
"1432-93","2",77,1,3,2,1,4,3,2,4,3,4,4,4,1.2,2,3
"1433-93","2",65,2,3,2,2,4,3,1,4,1,3,3,3,2.2,2,3
"1434-93","2",35,1,3,1,2,4,4,2,4,4,4,3,3,1.4,2,2
"1435-93","2",55,3,3,2,1,3,4,1,4,4,3,3,4,1.4,2,3
"1436-93","2",65,1,2,3,2,3,3,2,4,3,4,4,4,1.2,1,3
"1437-93","1",67,3,3,2,3,4,3,3,2,2,2,2,2,3,2,3
"1438-93","1",37,1,2,1,1,3,4,3,3,4,4,4,3,1.4,3,2
"1439-93","2",31,1,1,3,2,2,4,1,3,4,4,3,3,1.6,1,2
"144-93","2",23,1,1,2,2,3,4,1,2,3,3,2,2,2.6,2,3
"1440-93","2",31,1,3,3,2,3,5,1,3,3,3,3,3,2,1,1
"1441-93","2",41,1,2,1,2,3,3,3,4,3,3,2,3,2,3,4
"1442-93","2",67,1,2,1,2,3,3,3,3,4,4,2,4,1.6,3,4
"1443-93","2",39,2,2,2,2,3,3,3,3,3,3,3,3,2,2,3
"1444-93","2",70,1,3,2,2,2,3,3,4,4,4,4,4,1,2,3
"1445-93","2",62,3,3,2,3,5,5,3,2,2,2,2,2,3,1,1
"1446-93","1",60,1,3,2,2,4,3,1,4,3,3,3,3,1.8,2,3
"1447-93","1",60,1,1,2,2,1,2,3,4,4,1,3,4,1.8,3,4
"1448-93","2",55,3,2,2,3,4,3,2,3,4,3,3,4,1.6,2,3
"1449-93","2",29,1,2,2,2,4,4,3,3,3,3,3,3,2,2,3
"145-93","2",49,2,1,2,1,3,1,1,4,3,4,4,3,1.4,3,4
"1451-93","2",77,1,2,1,2,3,3,3,4,4,4,3,4,1.2,3,4
"1453-93","2",35,1,3,2,1,5,5,3,3,3,3,3,3,2,1,1
"1454-93","2",32,1,3,2,2,3,3,1,3,4,3,2,3,2,2,3
"1455-93","1",60,2,3,2,3,3,3,3,4,3,4,3,3,1.6,2,3
"1457-93","1",50,1,2,2,2,3,4,1,3,3,4,3,3,1.8,2,3
"1458-93","1",59,1,3,1,2,4,3,1,3,4,4,4,4,1.2,2,3
"1459-93","1",29,1,1,1,2,5,5,3,4,4,4,4,4,1,1,2
"146-93","1",44,1,2,2,2,2,3,2,3,3,3,1,3,2.4,2,3
"1460-93","2",38,1,3,2,2,3,3,2,4,4,4,3,4,1.2,2,3
"1461-93","1",66,1,2,2,2,4,3,3,3,4,3,3,4,1.6,2,3
"1462-93","1",55,1,2,2,2,3,3,3,3,3,3,3,3,2,2,3
"1463-93","2",49,3,2,2,3,3,3,3,2,2,3,3,2,2.6,2,3
"1464-93","2",44,1,2,1,1,4,4,2,1,4,4,3,3,2,3,2
"1465-93","2",26,1,2,1,2,3,3,3,4,4,4,4,4,1,3,4
"1466-93","1",50,3,3,2,3,4,3,3,3,2,3,2,3,2.4,2,3
"1467-93","1",21,1,2,1,2,3,4,1,1,3,4,3,4,2,3,2
"1468-93","2",60,1,3,3,1,3,3,1,3,3,4,4,4,1.4,1,1
"1469-93","1",49,1,3,2,2,4,3,2,4,3,4,1,3,2,2,3
"147-93","1",36,2,3,2,2,3,4,3,2,3,2,2,3,2.6,2,3
"1470-93","1",74,1,2,1,1,3,3,3,3,3,3,3,4,1.8,3,4
"1471-93","1",73,1,1,1,1,3,3,2,4,4,4,2,4,1.4,3,4
"1472-93","2",68,1,2,3,2,2,5,1,1,3,4,1,3,2.6,1,2
"1473-93","1",63,1,1,1,2,4,3,2,4,4,4,3,4,1.2,3,4
"1475-93","1",50,1,1,3,2,4,3,2,4,4,4,4,4,1,1,2
"1476-93","1",67,1,1,2,1,4,3,3,3,4,2,3,4,1.8,2,3
"1478-93","1",35,1,1,1,1,3,3,1,3,3,3,3,3,2,3,4
"1479-93","1",27,1,2,2,2,4,3,3,4,4,4,3,4,1.2,2,3
"1481-93","2",48,1,2,2,2,3,4,1,3,4,4,3,4,1.4,2,3
"1482-93","1",28,3,3,3,2,3,3,1,2,2,2,2,2,3,1,1
"1483-93","2",41,1,2,2,1,3,3,1,3,4,4,2,3,1.8,2,3
"1485-93","2",37,3,4,2,3,4,4,3,3,2,4,3,3,2,1,1
"1487-93","2",28,1,3,3,2,2,3,3,3,3,3,3,3,2,1,1
"1488-93","1",45,1,3,1,1,3,3,1,3,3,4,4,3,1.6,2,3
"1489-93","2",18,1,3,1,1,3,3,1,3,4,4,3,4,1.4,2,3
"149-93","2",30,1,4,2,3,3,4,2,3,4,4,3,3,1.6,2,1
"1490-93","1",27,1,1,2,1,2,3,2,4,3,4,4,4,1.2,3,4
"1491-93","2",62,2,3,2,3,3,3,3,2,4,2,2,2,2.6,2,3
"1492-93","1",39,1,1,1,1,3,3,3,3,3,3,3,3,2,3,4
"15-93","2",41,1,3,1,1,3,3,1,2,3,2,3,3,2.4,2,3
"150-93","2",57,1,3,2,2,4,3,1,3,3,4,3,3,1.8,2,3
"151-93","2",33,1,2,2,2,2,3,3,3,4,3,3,3,1.8,2,3
"153-93","2",73,2,3,1,3,4,3,3,2,2,4,2,4,2.2,2,3
"155-93","2",42,1,1,1,1,3,3,1,3,4,3,3,3,1.8,3,4
"156-93","1",34,1,1,1,1,3,3,3,3,4,4,3,3,1.6,3,4
"157-93","2",24,3,3,2,2,3,4,3,2,3,3,3,2,2.4,2,3
"158-93","1",35,3,4,3,2,4,4,1,4,4,3,3,3,1.6,1,1
"159-93","1",29,1,3,2,2,3,4,1,3,4,4,2,4,1.6,2,3
"16-93","2",40,1,3,1,2,4,4,2,3,3,3,3,3,2,2,2
"160-93","1",61,1,2,3,2,3,3,2,4,4,4,3,4,1.2,1,3
"161-93","2",64,3,2,3,1,2,5,3,4,3,4,3,3,1.6,1,2
"163-93","1",23,1,3,2,2,4,5,3,3,3,3,3,3,2,1,1
"164-93","2",66,1,3,2,2,4,3,3,3,3,3,3,4,1.8,2,3
"166-93","2",49,1,4,3,3,4,5,1,1,3,3,3,1,2.8,1,1
"167-93","2",65,1,2,2,2,4,3,3,3,4,4,3,3,1.6,2,3
"168-93","2",53,1,1,2,1,4,3,1,4,4,4,4,4,1,2,3
"17-93","1",70,3,3,2,3,4,4,3,3,2,3,1,2,2.8,2,3
"170-93","2",59,3,2,2,1,3,3,3,3,3,3,3,3,2,2,3
"172-93","2",70,1,2,1,1,1,2,1,4,4,4,4,4,1,3,4
"173-93","2",36,1,2,1,1,1,2,1,4,4,4,4,4,1,3,4
"174-93","2",76,3,4,3,2,3,3,3,4,2,4,3,3,1.8,1,1
"175-93","2",41,1,2,2,2,3,3,1,4,4,4,4,4,1,2,3
"177-93","2",73,1,1,1,1,3,3,1,4,4,4,4,4,1,3,4
"178-93","2",50,1,2,2,1,3,4,1,4,4,4,3,3,1.4,2,3
"179-93","2",33,1,1,3,2,3,5,1,4,3,3,3,3,1.8,1,2
"18-93","2",58,1,1,2,1,1,3,3,3,3,3,3,3,2,3,4
"180-93","2",22,3,3,3,3,4,5,3,3,2,3,2,2,2.6,1,1
"182-93","2",74,3,3,2,1,4,3,1,3,2,2,4,4,2,2,3
"184-93","2",29,1,2,2,1,3,3,3,3,3,3,3,3,2,2,3
"185-93","2",41,3,3,2,3,3,3,3,3,2,3,4,3,2,2,3
"188-93","2",33,1,4,2,2,5,5,3,3,4,4,4,3,1.4,1,1
"189-93","2",56,1,1,2,1,2,3,1,4,4,3,3,4,1.4,3,4
"190-93","2",67,1,2,3,2,3,4,2,2,4,4,4,4,1.4,1,2
"192-93","1",60,3,3,2,2,2,3,3,3,3,3,3,3,2,2,3
"193-93","2",40,3,2,2,2,4,3,2,3,3,3,3,3,2,2,3
"194-93","1",50,1,2,1,1,3,4,1,3,4,4,3,3,1.6,3,2
"196-93","2",73,1,2,1,2,2,3,3,4,4,4,4,3,1.2,3,4
"198-93","2",44,1,2,1,2,3,3,3,3,3,4,2,3,2,3,4
"199-93","1",48,1,2,2,1,3,4,1,3,3,3,3,4,1.8,2,3
"2-93","2",61,3,2,1,2,2,2,1,3,4,4,4,4,1.2,3,4
"20-93","1",44,1,3,1,2,3,3,2,3,3,3,2,3,2.2,2,3
"202-93","1",59,3,4,3,3,4,4,3,4,2,3,2,3,2.2,1,1
"203-93","2",38,1,2,2,2,3,4,1,3,4,4,3,3,1.6,2,3
"204-93","1",47,1,2,2,2,3,3,3,3,3,3,3,3,2,2,3
"205-93","2",27,3,3,2,2,4,4,3,3,3,3,3,3,2,2,3
"206-93","2",45,3,3,3,2,3,3,1,3,2,3,2,3,2.4,1,1
"207-93","1",37,3,3,2,2,4,3,2,4,4,3,3,3,1.6,2,3
"208-93","2",53,2,2,1,1,4,4,3,3,3,4,3,4,1.6,3,2
"21-93","2",37,1,3,3,2,2,5,3,2,2,3,1,1,3.2,1,2
"210-93","2",65,3,2,1,2,2,2,1,3,3,3,3,3,2,3,4
"211-93","1",27,1,3,2,2,3,4,3,3,3,3,3,3,2,2,3
"213-93","2",44,1,3,2,1,3,3,1,3,3,4,3,3,1.8,2,3
"214-93","2",35,1,2,1,1,3,4,1,4,4,4,2,4,1.4,3,2
"215-93","2",26,3,4,3,2,2,5,3,3,3,3,3,3,2,1,1
"217-93","2",45,1,3,2,2,3,3,3,3,4,3,3,4,1.6,2,3
"218-93","2",32,1,2,2,2,4,3,3,3,3,3,3,4,1.8,2,3
"220-93","2",51,1,2,2,2,4,3,1,3,4,4,2,3,1.8,2,3
"222-93","2",39,1,3,2,2,3,3,3,3,4,4,2,3,1.8,2,3
"224-93","2",38,2,3,3,2,4,3,3,3,3,3,1,2,2.6,1,1
"225-93","1",76,1,2,2,1,4,3,3,4,4,3,3,3,1.6,2,3
"226-93","2",31,3,3,2,2,3,5,1,3,3,3,3,3,2,1,1
"227-93","1",69,1,3,2,1,2,3,3,4,2,3,3,3,2,2,3
"23-93","1",37,1,3,2,3,3,3,1,2,3,2,2,2,2.8,2,3
"230-93","2",64,1,2,2,1,3,4,3,4,3,4,2,3,1.8,2,3
"231-93","1",44,1,3,1,2,2,3,3,4,3,4,3,4,1.4,2,3
"232-93","1",35,1,3,2,2,2,3,1,4,4,4,4,3,1.2,2,3
"233-93","2",62,1,3,3,2,4,4,3,4,4,4,4,4,1,1,1
"234-93","2",80,1,3,3,1,2,3,3,4,3,3,4,3,1.6,1,1
"235-93","2",74,1,2,2,2,4,3,3,4,4,3,3,3,1.6,2,3
"236-93","2",36,2,3,2,2,2,3,3,4,3,4,2,4,1.6,2,3
"238-93","2",39,1,2,3,2,3,4,3,1,4,4,3,1,2.4,1,2
"239-93","2",43,1,2,1,1,3,3,3,3,4,4,3,3,1.6,3,4
"241-93","1",54,1,3,2,2,3,3,2,3,4,4,4,3,1.4,2,3
"242-93","2",59,1,3,2,1,3,4,1,1,4,2,2,2,2.8,2,3
"243-93","2",67,1,3,3,2,3,4,3,1,2,2,2,1,3.4,1,1
"244-93","1",78,3,3,2,3,4,4,3,2,2,1,1,2,3.4,2,3
"245-93","1",60,1,3,1,1,3,2,2,3,3,4,4,4,1.4,3,4
"246-93","1",78,3,2,1,2,3,3,1,4,3,4,3,4,1.4,3,4
"248-93","2",43,1,2,2,1,2,3,2,4,4,4,4,4,1,2,3
"251-93","2",82,2,2,2,2,3,2,3,2,3,3,2,3,2.4,3,4
"253-93","2",36,1,2,2,1,3,4,1,4,4,4,3,3,1.4,2,3
"255-93","2",63,3,3,2,2,3,3,3,3,2,2,3,3,2.4,2,3
"257-93","1",69,1,2,2,2,3,3,3,3,3,3,3,3,2,2,3
"258-93","2",70,3,3,2,2,3,3,3,3,2,3,3,3,2.2,2,3
"259-93","2",33,1,3,2,2,3,3,1,4,4,3,3,3,1.6,2,3
"26-93","1",65,1,2,1,1,2,2,3,4,4,4,3,4,1.2,3,4
"260-93","2",28,1,3,2,2,2,5,2,3,4,4,4,3,1.4,1,2
"261-93","2",57,3,3,2,2,3,3,3,3,2,4,3,3,2,2,3
"262-93","2",38,1,3,1,2,2,4,2,3,4,4,3,4,1.4,3,2
"263-93","2",53,3,4,2,3,4,3,2,4,2,3,3,3,2,2,3
"264-93","2",58,3,3,2,2,1,3,3,4,3,4,4,4,1.2,3,4
"265-93","1",31,1,1,1,1,1,2,1,4,4,3,3,4,1.4,3,4
"267-93","2",32,3,3,2,3,4,4,3,3,2,3,3,3,2.2,2,3
"268-93","1",75,2,4,3,2,3,3,1,3,3,3,3,3,2,1,1
"27-93","1",42,1,3,1,2,3,3,1,3,3,3,3,3,2,2,3
"270-93","1",30,1,2,2,1,2,1,2,3,3,3,3,3,2,3,4
"271-93","1",25,3,2,3,3,5,5,2,1,3,3,2,2,2.8,1,2
"272-93","2",20,3,4,2,3,3,3,3,3,3,3,2,2,2.4,2,3
"273-93","2",67,3,3,2,3,3,3,3,3,2,3,3,4,2,2,3
"274-93","2",58,1,3,1,2,3,4,1,4,4,4,4,4,1,2,2
"275-93","2",51,1,2,1,2,2,3,2,3,4,3,4,3,1.6,3,4
"277-93","2",62,3,3,3,3,3,3,3,4,1,3,2,3,2.4,1,1
"278-93","2",74,1,2,2,1,3,2,1,3,3,3,2,3,2.2,3,4
"279-93","1",24,3,3,2,3,4,4,3,3,4,3,1,3,2.2,2,3
"280-93","2",31,3,3,2,3,2,4,3,4,2,3,3,3,2,2,3
"281-93","1",65,1,3,1,2,3,3,2,3,4,3,3,3,1.8,2,3
"282-93","1",57,3,4,2,3,3,3,3,4,1,4,4,4,1.6,2,3
"283-93","1",53,1,2,3,1,4,3,1,4,4,4,4,3,1.2,1,2
"285-93","1",42,3,3,2,2,5,5,3,3,2,2,2,2,2.8,1,1
"286-93","2",52,1,3,1,1,4,3,2,4,4,4,2,4,1.4,2,3
"287-93","2",19,3,4,2,2,4,3,3,2,4,4,3,3,1.8,2,3
"289-93","2",40,1,2,2,2,3,3,3,3,3,3,3,3,2,2,3
"291-93","1",45,1,2,2,1,2,5,1,4,4,4,4,4,1,1,2
"292-93","1",60,1,2,2,1,4,3,2,3,3,3,3,3,2,2,3
"294-93","1",44,1,3,2,3,4,3,3,3,4,4,3,3,1.6,2,3
"295-93","2",26,2,2,2,2,3,3,1,3,4,3,3,3,1.8,2,3
"297-93","2",65,1,2,2,2,3,3,1,4,4,4,4,4,1,2,3
"3-93","2",68,3,4,2,2,4,4,2,4,4,3,2,3,1.8,1,1
"30-93","2",36,3,3,2,2,3,3,1,3,3,4,4,2,1.8,2,3
"300-93","1",18,3,3,2,2,3,3,3,3,2,3,3,3,2.2,2,3
"301-93","1",63,1,2,2,1,3,3,1,3,4,4,3,4,1.4,2,3
"302-93","1",50,1,1,1,2,3,3,3,3,3,3,3,3,2,3,4
"303-93","2",53,1,1,1,2,3,4,1,3,4,3,3,3,1.8,3,2
"305-93","2",19,3,3,3,3,4,4,3,2,2,2,2,2,3,1,1
"306-93","2",24,2,3,2,1,3,5,3,2,3,3,3,3,2.2,1,1
"307-93","1",25,3,4,2,2,3,4,3,3,3,3,2,2,2.4,2,1
"308-93","1",59,1,2,1,1,4,1,1,4,4,4,3,4,1.2,3,4
"309-93","1",78,1,1,2,2,2,3,3,4,4,4,4,4,1,3,4
"312-93","2",72,3,3,2,2,4,3,3,4,3,4,2,3,1.8,2,3
"313-93","2",39,1,1,1,2,2,3,3,1,1,2,3,1,3.4,3,4
"314-93","2",24,3,4,2,3,3,2,1,4,3,4,4,3,1.4,2,3
"316-93","2",73,3,3,3,3,3,4,3,4,2,4,2,4,1.8,1,1
"317-93","2",36,1,1,2,1,3,4,3,3,3,4,4,3,1.6,2,3
"318-93","2",66,1,3,3,2,3,3,3,4,4,4,3,4,1.2,1,1
"319-93","1",70,3,3,2,3,3,3,3,3,1,3,1,3,2.8,2,3
"320-93","1",60,1,1,1,1,4,3,1,3,4,3,3,3,1.8,3,4
"321-93","1",50,1,2,2,2,4,4,3,4,3,4,4,4,1.2,2,3
"322-93","1",77,1,3,2,2,4,4,1,4,4,3,3,4,1.4,2,3
"323-93","1",38,1,2,1,1,3,3,2,4,3,4,3,3,1.6,3,4
"324-93","1",80,1,2,1,2,2,2,2,4,2,4,3,2,2,3,4
"325-93","2",44,2,3,2,2,1,5,1,3,2,4,4,4,1.6,1,1
"326-93","1",61,1,3,1,2,4,3,3,4,4,4,3,3,1.4,2,3
"328-93","2",34,2,3,2,1,2,4,3,3,3,3,3,3,2,2,3
"329-93","2",59,3,1,1,2,3,4,3,3,3,3,3,3,2,3,2
"33-93","2",40,1,3,2,1,3,3,2,3,3,3,3,3,2,2,3
"330-93","2",72,1,3,1,3,3,3,2,4,4,3,1,4,1.8,2,3
"331-93","1",56,1,1,2,1,3,2,1,4,4,4,4,4,1,3,4
"332-93","2",64,1,1,2,1,1,3,1,2,4,2,2,4,2.2,3,4
"333-93","2",53,1,2,3,1,3,5,2,3,3,3,3,3,2,1,2
"334-93","1",32,1,2,1,2,4,3,2,3,4,4,3,3,1.6,2,3
"335-93","1",64,3,4,3,3,4,4,3,3,2,3,2,3,2.4,1,1
"336-93","2",52,1,1,1,1,3,3,1,4,4,4,3,4,1.2,3,4
"337-93","1",44,1,5,3,2,4,3,2,4,4,4,3,4,1.2,1,1
"338-93","2",74,1,2,1,1,3,3,1,3,3,3,3,3,2,3,4
"34-93","2",72,3,3,3,3,3,3,3,3,3,2,4,2,2.2,1,1
"340-93","2",24,3,3,2,2,4,4,3,4,2,4,2,3,2,2,3
"341-93","1",64,3,4,2,3,4,3,3,2,2,3,2,3,2.6,2,3
"342-93","2",70,3,4,2,3,4,3,3,3,3,3,3,3,2,2,3
"343-93","2",34,2,3,2,3,3,3,3,2,3,4,3,2,2.2,2,3
"344-93","1",38,1,1,2,2,1,1,2,4,4,3,4,4,1.2,3,4
"345-93","2",37,1,1,1,1,3,5,2,3,4,3,3,2,2,3,2
"346-93","2",49,2,4,3,3,4,3,3,4,3,4,2,4,1.6,1,1
"347-93","2",78,1,2,2,1,3,2,2,3,4,2,2,2,2.4,3,4
"349-93","2",44,3,3,2,1,3,3,3,3,2,3,1,3,2.6,2,3
"35-93","2",58,2,4,2,2,4,3,3,4,3,3,3,4,1.6,2,3
"350-93","1",50,1,1,1,1,2,3,2,3,4,4,3,4,1.4,3,4
"351-93","1",23,2,2,2,2,4,2,3,3,4,4,3,4,1.4,3,4
"352-93","2",24,2,3,2,2,5,5,3,2,3,2,2,3,2.6,1,1
"353-93","1",43,1,2,3,2,4,2,2,2,4,4,2,4,1.8,1,2
"354-93","2",70,1,3,2,2,3,3,3,4,4,4,4,4,1,2,3
"355-93","2",30,1,2,2,2,2,3,3,4,4,4,3,4,1.2,2,3
"356-93","2",40,1,2,2,2,4,3,3,4,4,4,2,4,1.4,2,3
"357-93","2",26,3,3,2,3,4,3,3,2,2,2,2,3,2.8,2,3
"358-93","2",68,3,4,2,3,3,3,3,2,3,3,3,3,2.2,2,3
"359-93","2",39,3,2,2,3,4,4,3,4,2,4,3,3,1.8,2,3
"36-93","2",54,1,2,2,2,4,3,1,4,4,4,4,4,1,2,3
"360-93","2",40,1,2,3,2,2,4,1,2,4,3,3,2,2.2,1,2
"361-93","2",49,1,2,3,1,2,4,3,3,4,3,3,3,1.8,1,2
"362-93","1",75,1,1,2,1,4,3,3,4,4,4,3,4,1.2,2,3
"363-93","2",61,1,2,3,1,2,5,3,3,3,3,2,2,2.4,1,2
"365-93","1",29,1,3,2,1,4,4,2,2,4,2,3,3,2.2,2,3
"366-93","2",34,3,3,2,2,4,4,3,4,3,3,3,3,1.8,2,3
"368-93","2",45,1,3,2,2,3,3,3,4,4,4,3,3,1.4,2,3
"369-93","2",58,3,2,1,2,4,4,3,3,3,3,3,3,2,3,2
"37-93","2",53,1,4,2,2,3,3,2,3,3,2,3,2,2.4,2,3
"370-93","1",68,1,3,2,2,3,3,3,3,4,3,4,3,1.6,2,3
"371-93","2",55,1,2,2,1,2,3,3,4,4,4,4,4,1,2,3
"372-93","2",50,1,2,2,1,4,3,2,4,4,4,3,4,1.2,2,3
"373-93","2",86,1,3,2,1,2,3,3,4,4,4,3,4,1.2,2,3
"374-93","1",32,3,3,2,2,2,3,3,4,3,4,4,4,1.2,2,3
"375-93","2",65,1,2,1,1,3,2,1,4,4,4,4,4,1,3,4
"376-93","1",71,3,4,2,2,4,3,3,3,3,3,2,3,2.2,2,3
"377-93","2",32,1,2,2,2,2,4,2,4,3,3,2,3,2,3,2
"379-93","1",46,1,3,1,1,3,3,1,4,1,3,3,4,2,2,3
"38-93","1",21,1,3,1,2,4,3,2,3,4,3,3,3,1.8,2,3
"380-93","2",32,1,3,3,2,3,3,2,3,3,3,2,3,2.2,1,1
"381-93","1",66,3,1,2,3,4,3,1,3,3,3,1,4,2.2,2,3
"382-93","2",53,1,4,1,1,4,5,2,4,4,3,3,3,1.6,1,2
"385-93","2",74,1,3,1,1,3,2,3,2,3,3,4,2,2.2,3,4
"386-93","2",43,1,2,1,1,2,3,3,3,3,3,3,3,2,3,4
"387-93","1",67,1,3,1,2,2,3,2,2,4,2,2,2,2.6,2,3
"388-93","2",49,1,2,1,1,4,3,2,3,4,4,3,3,1.6,2,3
"389-93","2",64,1,2,1,1,2,2,3,4,4,4,3,3,1.4,3,4
"39-93","2",68,1,1,2,2,3,3,2,4,4,4,3,3,1.4,2,3
"391-93","2",25,3,3,1,2,4,3,2,3,3,3,3,4,1.8,2,3
"392-93","2",22,1,2,1,2,4,2,2,3,4,2,3,4,1.8,3,4
"393-93","1",71,1,2,2,2,3,1,1,3,4,4,1,3,2,3,4
"394-93","1",44,1,2,2,1,4,3,1,2,4,4,3,4,1.6,2,3
"395-93","2",33,3,3,2,1,3,3,3,3,3,3,3,3,2,2,3
"397-93","1",47,1,2,1,1,4,4,3,3,4,3,3,3,1.8,3,2
"398-93","2",48,1,2,2,2,4,3,1,3,3,4,3,3,1.8,2,3
"399-93","1",62,1,2,2,2,3,1,1,2,3,4,4,4,1.6,3,4
"4-93","1",55,3,2,2,2,2,3,1,3,3,3,3,3,2,2,3
"40-93","2",62,3,1,3,2,3,4,3,4,1,2,1,3,2.8,1,2
"401-93","1",66,1,2,1,1,4,3,3,3,3,4,3,3,1.8,2,3
"402-93","1",51,3,4,2,3,3,5,3,4,3,4,4,4,1.2,1,1
"403-93","2",65,1,1,3,1,3,4,3,4,4,3,3,4,1.4,1,2
"404-93","1",43,3,4,2,3,4,4,2,4,2,3,3,4,1.8,1,1
"406-93","2",33,1,3,2,2,3,4,2,2,3,2,2,2,2.8,2,3
"407-93","1",76,1,2,3,2,3,3,1,3,1,4,4,3,2,1,3
"408-93","2",28,1,3,2,2,4,4,2,3,3,3,2,3,2.2,2,3
"409-93","1",42,1,2,2,1,3,5,2,3,4,3,3,3,1.8,1,2
"41-93","1",71,2,3,1,1,3,2,3,3,3,4,4,4,1.4,3,4
"410-93","2",80,1,2,1,2,3,2,3,4,4,4,4,4,1,3,4
"411-93","2",66,1,1,2,1,3,3,1,4,4,4,2,4,1.4,2,3
"412-93","2",59,3,3,3,3,2,5,1,4,2,4,3,4,1.6,1,2
"413-93","1",50,3,5,2,3,1,5,3,4,4,3,4,3,1.4,1,1
"414-93","2",40,1,2,2,1,2,3,3,2,3,3,2,3,2.4,2,3
"415-93","1",30,2,4,1,1,3,5,2,3,4,4,4,4,1.2,1,2
"416-93","1",66,1,3,2,2,4,3,1,4,4,4,2,3,1.6,2,3
"417-93","2",23,2,4,3,3,4,5,2,3,3,3,3,3,2,1,1
"418-93","2",58,1,3,2,1,3,3,1,4,4,4,3,3,1.4,2,3
"419-93","2",54,1,2,2,2,2,3,1,3,3,4,3,3,1.8,2,3
"42-93","2",61,1,2,1,1,2,2,3,4,3,3,3,3,1.8,3,4
"420-93","1",26,1,3,2,2,4,3,3,3,4,2,3,3,2,2,3
"421-93","2",71,1,3,2,2,4,3,3,3,3,3,3,4,1.8,2,3
"423-93","1",65,3,3,3,3,4,3,1,3,1,4,3,3,2.2,1,1
"424-93","2",52,1,2,1,2,3,5,1,3,4,4,3,4,1.4,3,2
"426-93","2",70,1,3,2,2,3,3,3,3,3,3,3,4,1.8,2,3
"427-93","1",31,2,4,2,2,3,3,3,3,3,3,3,3,2,2,3
"428-93","2",72,2,3,2,2,3,3,1,3,4,3,3,3,1.8,2,3
"43-93","1",45,3,2,2,1,2,3,1,3,3,3,3,3,2,2,3
"430-93","2",35,1,2,1,1,3,3,3,3,4,4,2,3,1.8,3,4
"433-93","1",67,1,2,2,2,2,3,1,3,2,1,2,3,2.8,2,3
"434-93","1",50,1,3,2,2,3,3,2,4,3,4,4,4,1.2,2,3
"436-93","2",39,3,3,3,2,3,5,2,3,2,2,2,2,2.8,1,1
"437-93","2",79,1,2,2,1,2,2,3,4,3,4,3,3,1.6,3,4
"438-93","1",27,1,1,2,2,3,4,2,3,3,4,4,4,1.4,2,3
"439-93","2",62,1,2,2,2,2,3,1,4,4,4,4,4,1,2,3
"44-93","2",57,1,2,1,2,2,3,2,4,4,4,4,4,1,3,4
"440-93","2",18,1,3,2,2,4,3,3,1,3,2,2,2,3,2,3
"441-93","2",50,1,1,3,2,3,5,2,3,4,3,3,3,1.8,1,2
"442-93","1",55,1,3,2,2,3,3,2,4,4,4,4,1,1.6,2,3
"444-93","2",85,3,3,3,3,4,5,3,1,2,1,4,3,2.8,1,1
"445-93","2",19,1,3,3,2,4,4,2,3,2,3,2,3,2.4,1,1
"447-93","2",64,1,2,1,1,2,3,1,4,3,3,4,4,1.4,3,4
"448-93","1",60,1,3,1,1,4,3,1,4,4,4,4,4,1,2,3
"449-93","1",58,1,2,3,1,2,5,2,3,4,3,3,3,1.8,1,2
"45-93","2",31,1,2,2,1,2,3,1,3,3,3,3,3,2,2,3
"450-93","2",35,1,2,1,1,3,3,3,4,3,4,4,4,1.2,3,4
"451-93","1",30,3,4,1,2,3,2,3,4,3,4,2,4,1.6,2,4
"452-93","2",92,2,3,3,2,3,3,3,4,3,3,2,4,1.8,1,1
"453-93","2",78,3,3,2,3,3,3,3,4,2,4,3,4,1.6,2,3
"454-93","2",46,1,1,1,1,3,3,1,4,4,4,3,4,1.2,3,4
"455-93","1",55,1,3,2,1,3,3,3,3,3,3,3,3,2,2,3
"456-93","2",53,1,3,2,2,4,3,1,4,3,3,3,3,1.8,2,3
"457-93","2",27,1,1,1,2,3,4,1,4,4,4,2,2,1.8,3,2
"459-93","1",38,1,3,1,2,4,4,3,3,3,3,2,2,2.4,2,2
"46-93","2",32,1,3,2,1,4,3,1,3,3,3,3,3,2,2,3
"460-93","2",25,1,1,1,2,2,1,1,3,4,3,2,2,2.2,3,4
"461-93","1",69,3,4,2,3,3,3,3,3,3,3,3,4,1.8,2,3
"463-93","2",37,1,3,3,2,3,4,1,2,3,3,3,3,2.2,1,1
"464-93","1",20,1,3,2,3,3,4,3,1,2,2,2,2,3.2,2,3
"466-93","2",64,1,2,1,1,3,3,2,4,4,4,3,4,1.2,3,4
"467-93","1",59,3,1,3,3,3,3,1,4,3,4,4,4,1.2,3,2
"469-93","2",55,1,2,1,1,4,5,3,3,4,4,2,3,1.8,1,2
"47-93","2",63,1,3,2,1,3,3,2,3,4,4,1,3,2,2,3
"470-93","2",64,2,2,1,2,3,4,2,2,3,3,2,2,2.6,3,2
"471-93","1",52,3,3,2,2,2,4,3,4,3,4,3,4,1.4,2,3
"472-93","1",76,1,2,2,1,3,3,2,3,4,4,3,3,1.6,2,3
"473-93","1",26,1,3,1,1,3,4,2,3,4,4,3,4,1.4,2,2
"474-93","2",57,1,1,1,1,2,3,2,3,4,3,3,3,1.8,3,4
"475-93","1",67,1,1,2,2,5,5,1,4,4,4,4,4,1,1,2
"477-93","2",60,1,1,2,1,2,2,1,4,4,4,3,4,1.2,3,4
"478-93","2",67,1,3,2,2,3,3,2,2,3,3,3,3,2.2,2,3
"479-93","2",52,1,2,2,1,4,4,1,4,4,4,4,3,1.2,2,3
"48-93","2",31,3,2,1,2,4,5,3,2,2,3,2,3,2.6,1,2
"481-93","2",34,1,1,1,1,1,3,1,4,3,3,3,3,1.8,3,4
"482-93","2",47,1,1,1,1,3,5,1,3,3,3,3,1,2.4,3,2
"483-93","1",53,3,3,3,2,4,3,3,3,2,3,4,3,2,1,1
"484-93","2",45,1,3,2,2,3,3,3,3,2,4,2,3,2.2,2,3
"485-93","2",67,1,3,2,2,3,3,3,2,3,2,2,3,2.6,2,3
"486-93","1",54,1,2,2,2,2,3,1,4,4,4,2,4,1.4,2,3
"487-93","2",47,1,2,1,1,3,4,3,1,4,3,1,2,2.8,3,2
"488-93","2",24,1,2,1,2,3,4,2,4,4,4,3,3,1.4,3,2
"49-93","1",39,1,2,1,2,4,4,1,3,3,3,3,3,2,3,2
"490-93","2",51,2,3,1,2,3,3,2,2,3,3,3,1,2.6,2,3
"491-93","2",77,1,1,3,1,1,3,3,3,3,4,2,3,2,3,4
"492-93","2",58,1,1,1,1,1,2,2,4,4,4,4,4,1,3,4
"493-93","2",59,1,4,2,2,4,3,1,4,3,4,3,3,1.6,2,3
"494-93","2",45,1,2,1,1,3,3,3,4,4,4,3,4,1.2,3,4
"495-93","2",21,1,3,2,2,3,3,2,2,2,2,2,3,2.8,2,3
"496-93","2",46,1,1,1,1,3,4,1,4,4,4,3,3,1.4,3,2
"497-93","1",35,1,3,2,2,5,5,2,2,3,3,2,2,2.6,1,1
"498-93","2",31,1,3,2,2,4,3,3,3,3,4,2,3,2,2,3
"499-93","1",48,1,2,2,2,3,3,1,3,4,4,3,3,1.6,2,3
"5-93","2",23,1,2,2,2,4,5,2,3,3,3,2,3,2.2,1,2
"50-93","1",28,1,3,3,2,4,5,3,4,4,4,3,3,1.4,1,1
"501-93","2",44,1,2,2,2,4,3,3,3,4,4,3,3,1.6,2,3
"503-93","1",85,3,2,1,2,3,2,2,1,3,3,3,1,2.8,3,4
"504-93","1",25,1,2,1,1,2,5,2,4,4,4,4,4,1,3,2
"505-93","2",20,3,3,3,3,3,4,3,3,3,3,3,3,2,1,1
"507-93","1",49,1,1,1,2,3,3,1,4,4,4,4,4,1,3,4
"51-93","1",57,1,2,1,1,4,3,3,4,4,3,3,3,1.6,2,3
"511-93","2",78,1,1,1,1,4,1,3,3,4,3,3,3,1.8,3,4
"512-93","2",60,1,2,1,1,4,4,1,4,3,4,4,3,1.4,3,2
"513-93","2",67,1,1,2,1,3,3,2,3,4,4,4,3,1.4,2,3
"514-93","1",45,1,3,2,2,3,3,1,4,3,3,3,4,1.6,2,3
"515-93","2",53,1,1,1,1,3,3,1,4,4,4,4,4,1,3,4
"516-93","2",29,1,2,2,1,3,4,3,3,3,3,2,3,2.2,2,3
"517-93","2",50,1,1,3,2,3,3,1,4,4,4,2,4,1.4,3,2
"518-93","1",55,1,3,2,2,3,5,1,3,4,4,3,3,1.6,1,1
"519-93","2",53,1,1,1,2,4,3,1,3,4,3,4,4,1.4,3,4
"52-93","1",68,3,5,3,3,2,4,1,3,1,4,3,4,2,1,1
"520-93","1",23,1,3,2,2,3,4,3,1,2,3,3,3,2.6,2,3
"521-93","1",47,3,2,3,2,4,5,3,1,1,3,1,3,3.2,1,2
"522-93","2",51,3,4,3,3,5,3,3,3,1,4,3,3,2.2,1,1
"523-93","2",66,3,4,2,3,3,3,3,3,1,3,3,3,2.4,2,3
"525-93","2",28,3,4,2,3,4,3,3,3,3,3,3,4,1.8,2,3
"527-93","1",52,1,2,1,2,4,3,2,4,4,4,2,4,1.4,2,3
"528-93","2",35,1,3,3,1,3,3,1,3,4,4,3,4,1.4,1,1
"529-93","2",64,1,2,2,1,4,3,3,3,4,3,4,3,1.6,2,3
"53-93","2",46,1,2,3,1,3,3,1,3,3,2,3,3,2.2,1,3
"530-93","2",49,1,1,1,1,3,3,1,4,4,4,4,3,1.2,3,4
"535-93","2",82,1,2,3,2,2,3,3,4,3,4,3,4,1.4,1,2
"536-93","2",56,1,2,2,1,4,4,1,3,3,4,3,3,1.8,2,3
"539-93","2",55,1,2,1,1,3,3,1,3,4,4,4,4,1.2,3,4
"54-93","2",40,1,3,2,2,4,3,3,3,3,3,3,3,2,2,3
"540-93","1",69,3,3,2,2,3,3,1,4,3,3,3,3,1.8,2,3
"541-93","2",65,1,1,2,1,1,3,3,4,4,4,2,3,1.6,3,4
"542-93","1",31,1,4,2,2,3,4,3,2,3,3,4,2,2.2,2,1
"543-93","1",74,3,2,1,2,2,3,1,4,3,4,4,4,1.2,3,4
"544-93","2",69,3,3,3,3,3,3,3,3,2,3,1,4,2.4,1,1
"545-93","1",83,3,3,3,2,4,4,1,3,1,3,3,1,2.8,1,1
"546-93","2",28,2,3,1,1,3,4,1,2,3,3,3,3,2.2,2,2
"549-93","1",38,1,4,3,1,4,5,1,3,4,4,3,3,1.6,1,1
"55-93","1",30,1,2,2,3,4,4,3,3,3,3,3,3,2,2,3
"550-93","2",52,3,3,3,2,3,5,3,3,1,2,1,1,3.4,1,1
"551-93","2",57,1,2,2,2,2,4,1,1,3,3,3,3,2.4,3,2
"552-93","1",33,3,3,3,3,4,3,3,3,3,4,3,2,2,1,1
"553-93","2",68,1,1,1,2,1,1,1,4,4,4,4,4,1,3,4
"555-93","2",44,1,4,1,3,4,4,2,1,2,2,2,2,3.2,1,2
"556-93","1",60,1,2,2,2,4,4,3,3,4,3,3,3,1.8,2,3
"557-93","2",34,2,2,2,2,4,4,3,3,3,3,4,3,1.8,2,3
"558-93","2",66,1,2,1,1,3,2,1,4,4,4,3,3,1.4,3,4
"559-93","1",30,1,2,3,1,1,5,3,3,3,3,3,3,2,1,2
"56-93","2",40,1,3,2,2,3,3,3,3,3,4,3,3,1.8,2,3
"560-93","2",32,1,1,1,1,3,3,3,4,4,4,4,4,1,3,4
"561-93","2",63,1,2,2,2,3,4,1,2,3,4,3,4,1.8,2,3
"563-93","2",66,1,1,1,2,3,3,1,4,4,4,3,4,1.2,3,4
"564-93","2",61,1,1,3,1,2,1,1,4,4,4,2,4,1.4,3,4
"565-93","1",35,3,3,1,2,4,5,2,3,3,4,3,3,1.8,1,2
"566-93","2",60,1,1,2,1,3,3,1,4,4,4,4,4,1,2,3
"567-93","2",34,1,1,1,1,3,2,1,4,4,4,4,4,1,3,4
"569-93","1",42,3,3,2,2,4,3,3,4,3,3,4,3,1.6,2,3
"57-93","2",33,3,2,1,2,4,4,1,3,3,3,3,3,2,3,2
"570-93","2",63,3,2,1,3,3,3,3,3,3,3,3,3,2,3,4
"571-93","2",56,1,2,2,2,3,3,1,3,4,3,3,3,1.8,2,3
"572-93","1",36,2,2,2,2,3,3,3,4,4,4,4,4,1,2,3
"573-93","1",38,1,1,2,2,3,4,2,3,4,4,1,3,2,2,3
"576-93","2",67,1,1,2,2,3,3,1,4,4,4,4,4,1,2,3
"577-93","1",27,3,3,2,2,3,3,1,3,3,3,3,3,2,2,3
"578-93","2",40,1,3,2,1,4,5,3,3,3,4,3,3,1.8,1,1
"579-93","2",57,1,3,3,1,4,5,2,4,3,4,3,1,2,1,1
"581-93","2",32,1,2,2,2,4,4,1,3,3,3,2,3,2.2,2,3
"582-93","1",54,1,1,2,1,3,3,1,4,4,4,4,4,1,2,3
"583-93","1",58,1,2,1,1,3,5,1,4,3,4,3,4,1.4,3,2
"584-93","1",31,3,4,2,3,5,5,2,4,2,4,2,4,1.8,1,1
"586-93","1",67,1,2,2,2,3,4,1,3,4,4,3,3,1.6,2,3
"587-93","2",42,3,3,3,2,3,3,1,4,2,3,3,4,1.8,1,1
"590-93","2",57,1,3,2,1,3,4,2,4,4,4,2,4,1.4,2,3
"592-93","1",27,2,3,2,2,3,4,3,4,3,3,2,3,2,2,3
"593-93","2",58,1,2,2,2,3,4,1,4,3,4,3,3,1.6,2,3
"595-93","2",33,2,1,2,2,2,5,3,3,4,4,4,4,1.2,3,2
"597-93","2",63,1,2,3,2,3,4,1,4,3,4,2,2,2,1,2
"599-93","2",39,1,3,2,2,3,1,2,3,3,3,3,3,2,1,1
"6-93","1",25,3,4,2,3,3,5,3,3,2,2,3,2,2.6,1,1
"60-93","1",51,1,2,3,2,4,4,1,3,3,4,3,3,1.8,1,2
"600-93","2",55,3,3,2,2,4,5,2,2,3,4,3,3,2,1,1
"601-93","2",52,1,1,1,2,3,3,1,3,3,3,3,3,2,3,4
"602-93","2",65,1,1,2,2,3,3,3,3,3,4,2,3,2,2,3
"603-93","1",26,1,3,3,2,3,4,3,3,3,4,3,4,1.6,1,1
"604-93","1",20,1,2,2,2,3,4,3,3,3,3,2,3,2.2,2,3
"605-93","1",64,3,2,1,1,3,3,2,3,3,4,3,4,1.6,3,4
"606-93","2",36,1,3,2,1,3,3,1,4,4,4,3,4,1.2,2,3
"607-93","2",32,1,3,2,2,3,3,2,2,3,3,3,3,2.2,2,3
"608-93","1",64,1,2,2,1,3,3,2,3,4,3,4,4,1.4,2,3
"61-93","1",42,1,2,2,1,3,4,3,4,4,4,3,3,1.4,2,3
"610-93","1",30,1,1,1,1,3,4,2,2,3,3,4,2,2.2,3,2
"611-93","2",41,1,1,1,1,3,1,3,4,4,4,3,4,1.2,3,4
"612-93","2",24,3,3,2,3,3,4,3,3,2,3,2,2,2.6,2,3
"613-93","2",51,1,1,2,1,3,3,3,4,4,4,4,3,1.2,2,3
"614-93","1",70,2,4,2,3,3,3,3,4,2,3,2,3,2.2,2,3
"615-93","2",74,1,2,2,2,2,3,1,4,3,3,3,3,1.8,2,3
"616-93","2",41,1,2,1,1,1,3,1,4,4,4,1,3,1.8,3,4
"617-93","2",64,1,1,2,1,3,3,1,2,4,4,4,4,1.4,2,3
"618-93","1",26,1,3,1,1,4,3,2,3,4,4,2,3,1.8,2,3
"619-93","2",28,1,3,2,2,5,5,1,1,3,2,1,2,3.2,1,1
"62-93","2",64,1,1,1,1,3,3,1,4,4,4,4,4,1,3,4
"620-93","2",68,1,1,1,1,1,2,3,4,4,4,4,4,1,3,4
"621-93","2",56,1,2,1,2,3,3,3,3,3,3,3,3,2,3,4
"622-93","2",28,1,2,3,1,2,3,1,4,3,4,3,4,1.4,1,2
"623-93","2",55,1,4,2,2,4,4,2,3,3,2,3,3,2.2,1,1
"624-93","1",28,1,1,1,1,4,2,1,4,4,4,4,4,1,3,4
"626-93","2",38,1,3,3,3,3,5,1,3,3,3,3,3,2,1,1
"627-93","2",71,1,1,1,1,2,2,3,4,4,4,4,4,1,3,4
"628-93","2",63,3,2,1,1,2,4,2,3,3,3,3,4,1.8,3,2
"630-93","1",24,2,2,3,2,3,4,1,3,3,3,2,3,2.2,1,2
"631-93","2",52,3,4,3,3,4,3,3,3,2,3,2,3,2.4,1,1
"632-93","1",64,3,3,1,2,4,5,1,3,3,4,4,3,1.6,1,2
"633-93","2",48,1,3,2,2,4,3,1,1,3,3,1,2,3,2,3
"635-93","2",33,3,4,2,2,3,3,3,4,3,4,4,4,1.2,2,3
"636-93","2",36,2,3,3,2,4,3,3,3,3,3,2,3,2.2,1,1
"637-93","2",40,2,3,3,2,3,5,3,3,3,4,3,3,1.8,1,1
"638-93","2",36,1,3,2,2,3,4,3,3,3,3,2,4,2,2,3
"641-93","1",80,1,2,2,3,2,2,1,3,4,3,3,4,1.6,3,4
"642-93","1",35,2,3,2,2,3,3,3,3,3,3,3,3,2,2,3
"643-93","1",60,1,2,1,2,2,2,2,3,4,3,3,3,1.8,3,4
"644-93","1",40,1,1,2,2,3,3,3,4,4,4,3,4,1.2,2,3
"645-93","2",52,1,3,1,2,3,4,2,3,3,4,3,3,1.8,2,2
"646-93","2",40,1,2,2,1,3,3,1,3,4,4,3,4,1.4,2,3
"647-93","2",67,1,3,3,2,4,3,2,3,4,3,3,4,1.6,1,1
"648-93","2",34,1,3,3,3,3,5,2,3,4,3,2,4,1.8,1,1
"649-93","2",48,3,2,2,2,4,3,3,3,3,3,4,3,1.8,2,3
"65-93","1",66,2,3,2,2,3,3,1,3,3,3,3,3,2,2,3
"650-93","2",40,1,4,3,3,4,4,2,3,3,3,3,1,2.4,1,1
"652-93","2",27,3,3,3,3,4,5,3,2,2,3,3,3,2.4,1,1
"655-93","2",46,1,1,2,1,4,4,2,3,4,3,2,4,1.8,2,3
"656-93","2",60,1,2,2,2,3,4,1,4,4,4,4,3,1.2,2,3
"657-93","2",40,1,3,1,1,4,3,3,3,3,3,2,3,2.2,2,3
"659-93","1",46,1,1,2,1,1,3,3,4,4,4,4,4,1,3,4
"66-93","1",38,1,4,1,2,3,4,3,3,3,3,3,2,2.2,2,3
"660-93","1",24,1,2,1,2,4,5,1,4,4,3,3,3,1.6,1,2
"662-93","2",41,1,4,1,2,3,4,1,3,3,3,2,3,2.2,2,3
"663-93","2",53,1,2,2,1,4,3,2,3,4,4,4,2,1.6,2,3
"664-93","2",27,3,2,1,2,3,3,3,3,4,3,4,3,1.6,3,4
"665-93","2",37,3,2,2,3,4,5,3,3,3,3,4,3,1.8,1,2
"666-93","2",82,3,4,3,3,4,4,3,3,2,3,3,2,2.4,1,1
"667-93","1",45,1,2,1,1,3,3,3,3,4,4,3,3,1.6,3,4
"668-93","1",54,1,1,1,2,3,3,3,4,4,4,4,4,1,3,4
"669-93","1",24,1,2,1,2,3,4,1,3,4,3,3,3,1.8,3,2
"67-93","2",92,3,3,3,2,4,3,3,4,3,2,4,2,2,1,1
"671-93","1",35,2,3,3,2,3,4,3,1,3,1,1,2,3.4,1,1
"672-93","2",68,3,3,3,3,4,5,3,2,2,2,2,2,3,1,1
"673-93","1",43,3,4,3,3,4,3,3,4,2,4,2,3,2,1,1
"674-93","2",45,1,1,2,2,3,3,3,4,4,4,4,4,1,2,3
"676-93","1",40,1,1,1,1,1,2,1,4,3,4,3,3,1.6,3,4
"677-93","2",63,1,1,1,1,2,3,1,4,4,4,4,4,1,3,4
"678-93","1",44,1,1,2,1,3,3,1,4,4,4,3,4,1.2,2,3
"679-93","2",31,1,2,2,1,2,4,1,4,4,4,4,4,1,3,2
"68-93","2",49,2,2,1,2,2,4,3,4,4,4,4,3,1.2,3,2
"680-93","2",36,1,2,2,1,3,3,3,4,4,4,4,4,1,2,3
"681-93","2",25,1,3,2,2,4,3,2,2,4,4,3,3,1.8,2,3
"682-93","1",33,1,2,2,1,4,3,3,2,3,4,4,4,1.6,2,3
"683-93","2",75,1,2,1,2,3,3,3,3,3,3,3,4,1.8,3,4
"684-93","1",30,1,2,1,2,3,3,2,3,4,3,3,3,1.8,3,4
"685-93","1",32,1,1,2,1,4,3,1,3,3,2,3,3,2.2,2,3
"686-93","2",24,1,2,2,2,3,4,1,3,3,4,2,3,2,2,3
"687-93","2",60,1,3,3,1,4,4,1,3,3,3,3,3,2,1,1
"688-93","2",77,1,2,1,2,3,2,2,4,3,4,3,4,1.4,3,4
"689-93","1",25,1,3,1,1,3,4,2,4,3,4,4,3,1.4,2,2
"69-93","1",74,3,3,3,3,1,5,3,4,4,4,4,4,1,1,1
"690-93","2",35,1,2,2,1,3,4,3,4,4,4,3,4,1.2,2,3
"691-93","1",45,1,2,1,1,2,5,1,4,4,4,3,4,1.2,3,2
"692-93","2",62,1,2,1,1,2,4,1,4,4,4,3,4,1.2,3,2
"694-93","2",51,1,2,1,1,3,3,3,3,3,3,3,3,2,3,4
"695-93","1",26,1,1,2,1,3,4,1,3,4,3,2,3,2,2,3
"696-93","1",41,2,3,2,2,4,4,3,4,2,3,2,3,2.2,2,3
"697-93","1",65,1,2,2,1,4,3,1,4,1,4,3,4,1.8,2,3
"698-93","1",18,1,2,3,2,3,4,3,3,3,3,3,3,2,1,2
"699-93","2",42,1,3,2,2,3,3,3,3,4,4,3,3,1.6,2,3
"7-93","2",41,1,2,2,2,3,3,1,4,4,4,3,4,1.2,2,3
"70-93","1",65,3,3,2,2,4,3,2,2,2,2,2,2,3,2,3
"700-93","1",47,1,2,1,2,4,3,3,3,4,3,3,4,1.6,2,3
"701-93","2",68,1,3,2,2,3,4,1,3,3,3,3,3,2,2,3
"702-93","2",40,3,2,2,2,4,4,2,3,3,4,3,3,1.8,2,3
"704-93","2",65,1,2,1,1,1,4,1,4,4,4,4,4,1,3,4
"705-93","2",62,3,3,2,3,3,4,3,3,3,3,3,4,1.8,2,3
"706-93","2",54,1,2,2,2,2,4,2,4,4,4,4,4,1,3,2
"707-93","2",71,1,2,2,2,3,3,3,3,3,3,3,4,1.8,2,3
"708-93","1",67,1,1,1,1,3,3,2,3,4,3,4,3,1.6,3,4
"709-93","1",50,1,3,2,2,3,2,1,3,4,3,3,3,1.8,2,3
"71-93","2",32,1,2,2,1,1,4,2,3,3,3,3,3,2,3,2
"711-93","2",70,1,2,1,1,3,3,1,4,4,4,4,3,1.2,3,4
"712-93","2",43,1,3,2,1,4,3,3,4,3,4,4,3,1.4,2,3
"713-93","2",33,2,4,2,2,4,3,2,2,2,3,2,3,2.6,2,3
"714-93","2",66,1,5,1,1,3,3,1,3,4,3,3,3,1.8,3,4
"715-93","2",33,2,2,2,2,3,3,3,2,3,4,2,2,2.4,2,3
"716-93","1",32,3,4,3,3,4,3,3,2,2,4,2,2,2.6,1,1
"717-93","2",43,1,1,2,2,3,3,3,3,3,3,3,3,2,2,3
"718-93","1",60,1,2,3,2,4,4,3,3,3,4,3,3,1.8,1,2
"719-93","1",36,1,2,1,1,2,1,2,3,4,4,4,4,1.2,3,4
"72-93","2",40,1,4,2,2,3,5,1,3,3,4,3,1,2.2,1,1
"720-93","2",59,1,3,2,2,3,4,3,2,2,3,3,2,2.6,2,3
"721-93","1",71,2,3,2,2,3,3,3,3,3,3,2,3,2.2,2,3
"722-93","2",55,1,1,1,1,3,2,1,4,4,4,4,4,1,3,4
"723-93","1",22,3,4,2,3,3,3,3,3,2,3,2,2,2.6,2,3
"724-93","2",45,1,3,2,2,3,3,3,2,3,3,3,3,2.2,2,3
"726-93","2",38,1,1,2,1,3,4,1,3,3,3,3,3,2,2,3
"727-93","1",47,1,3,2,1,3,3,2,3,4,4,4,3,1.4,2,3
"728-93","2",43,3,4,3,3,3,5,3,2,2,3,2,2,2.8,1,1
"729-93","2",80,3,2,1,2,3,2,3,4,3,4,4,4,1.2,3,4
"73-93","1",53,1,1,1,2,2,3,1,4,4,4,4,4,1,3,4
"730-93","1",52,2,3,2,2,3,4,3,3,3,3,3,1,2.4,2,3
"731-93","2",29,1,3,2,2,4,3,2,3,3,3,3,3,2,2,3
"732-93","2",68,1,4,1,1,3,3,2,4,4,4,4,4,1,2,3
"733-93","2",61,3,3,3,3,3,4,1,3,1,3,3,3,2.4,1,1
"735-93","1",34,1,2,2,2,3,3,3,2,3,4,4,3,1.8,2,3
"736-93","1",34,1,1,2,2,3,3,2,4,4,3,3,3,1.6,2,3
"737-93","1",36,3,4,2,3,4,4,3,3,2,2,2,3,2.6,1,1
"738-93","1",32,1,1,3,2,3,3,1,3,4,4,3,3,1.6,3,2
"739-93","2",87,3,3,3,2,5,4,2,3,4,3,3,3,1.8,1,1
"74-93","1",25,3,3,3,3,3,4,2,3,2,3,2,3,2.4,1,1
"740-93","1",70,1,2,2,2,3,3,2,4,4,4,4,4,1,2,3
"741-93","2",57,1,3,2,2,2,3,3,3,3,3,3,2,2.2,2,3
"742-93","2",26,1,4,3,2,4,3,2,4,3,3,2,2,2.2,1,1
"743-93","2",40,1,2,1,2,3,3,1,4,4,4,4,4,1,3,4
"744-93","2",53,1,1,1,1,1,2,2,3,4,4,4,3,1.4,3,4
"746-93","1",71,3,3,3,3,3,3,1,2,3,4,2,4,2,1,1
"747-93","1",76,1,3,2,2,4,3,2,3,3,4,2,3,2,2,3
"748-93","2",63,1,2,2,1,4,3,2,4,4,4,3,3,1.4,2,3
"749-93","2",51,1,3,3,2,2,4,3,2,3,3,3,3,2.2,1,2
"75-93","2",83,1,1,1,2,3,3,1,4,4,4,4,3,1.2,3,4
"750-93","2",29,1,1,2,1,4,3,2,3,4,4,4,3,1.4,2,3
"751-93","2",60,2,3,2,2,4,3,3,4,4,4,3,3,1.4,2,3
"752-93","2",27,1,3,2,2,5,4,1,4,4,4,3,4,1.2,1,1
"753-93","2",57,1,1,1,1,1,2,3,4,4,4,4,4,1,3,4
"754-93","2",20,1,4,2,2,4,3,3,3,4,2,2,2,2.4,2,3
"755-93","1",43,1,3,2,2,4,2,3,3,3,3,3,2,2.2,2,3
"756-93","2",63,1,2,3,2,2,3,2,4,2,3,3,3,2,1,2
"757-93","2",61,3,2,3,3,3,4,2,4,4,4,2,3,1.6,1,2
"758-93","1",30,3,4,2,2,4,3,2,2,2,2,2,3,2.8,2,3
"759-93","1",26,1,4,3,1,5,5,3,4,4,4,3,3,1.4,1,1
"76-93","2",80,1,3,2,2,2,3,1,4,4,4,4,4,1,2,3
"760-93","1",32,1,2,3,2,3,4,1,3,4,4,3,3,1.6,1,2
"761-93","2",33,2,3,3,3,4,5,3,3,3,3,3,2,2.2,1,1
"762-93","2",41,2,3,2,2,4,5,3,2,3,4,2,2,2.4,1,1
"764-93","1",39,3,2,2,2,3,4,1,4,4,4,4,4,1,2,3
"769-93","2",44,1,3,2,2,3,3,3,3,4,3,3,4,1.6,2,3
"77-93","2",35,3,3,3,3,4,5,3,2,3,3,4,4,1.8,1,1
"770-93","2",40,1,2,1,2,3,5,1,4,4,4,4,4,1,3,2
"771-93","2",20,1,1,2,2,3,3,1,3,4,3,4,4,1.4,2,3
"773-93","2",27,2,3,2,2,3,3,1,2,2,3,2,2,2.8,2,3
"774-93","2",35,1,2,2,1,3,3,1,3,4,4,3,3,1.6,2,3
"775-93","1",67,1,1,1,1,3,3,2,4,4,4,4,4,1,3,4
"776-93","2",32,3,3,2,1,4,5,1,3,3,3,3,2,2.2,1,1
"778-93","2",45,2,3,2,2,4,3,1,3,3,3,3,2,2.2,2,3
"779-93","2",38,1,2,2,2,3,3,2,2,3,3,2,3,2.4,2,3
"78-93","1",44,1,1,3,1,4,3,3,3,3,3,3,3,2,1,2
"780-93","1",23,3,3,3,3,3,4,3,3,3,3,3,2,2.2,1,1
"781-93","2",33,3,2,3,2,4,5,3,3,2,4,3,4,1.8,1,2
"782-93","2",23,1,3,2,2,3,4,1,2,4,4,2,4,1.8,2,3
"783-93","1",20,1,3,2,2,3,4,1,3,2,3,2,3,2.4,2,3
"784-93","2",39,1,3,2,2,3,3,1,4,4,3,3,3,1.6,2,3
"785-93","2",48,3,4,2,3,4,4,3,2,2,3,2,2,2.8,1,1
"786-93","1",68,3,3,3,2,4,3,3,3,3,4,4,4,1.4,1,1
"787-93","2",59,2,2,1,1,3,4,2,4,4,3,4,4,1.2,3,2
"788-93","2",51,3,3,2,2,4,5,3,3,4,3,1,1,2.6,1,1
"789-93","1",32,3,5,3,2,3,3,3,3,3,3,3,3,2,1,1
"790-93","2",38,1,3,2,2,4,3,3,3,4,4,4,3,1.4,2,3
"791-93","2",45,1,3,2,1,3,3,3,4,4,4,3,4,1.2,2,3
"793-93","2",25,3,3,2,2,3,4,3,3,3,3,3,3,2,2,3
"794-93","1",20,1,2,3,1,4,5,3,2,3,2,2,2,2.8,1,2
"795-93","2",43,3,3,2,2,3,3,3,3,3,4,3,4,1.6,2,3
"796-93","2",41,1,2,3,1,3,3,3,4,4,4,4,3,1.2,1,3
"797-93","1",41,1,3,2,2,3,3,2,3,3,3,3,3,2,2,3
"798-93","1",62,3,4,3,3,4,5,2,4,2,4,3,4,1.6,1,1
"799-93","2",23,1,2,2,2,4,5,3,2,4,3,2,2,2.4,1,2
"8-93","1",33,1,3,2,2,4,3,3,2,3,3,3,3,2.2,2,3
"800-93","1",73,1,3,2,2,4,3,3,3,3,4,3,2,2,2,3
"801-93","2",48,1,3,2,2,3,3,3,2,2,4,2,4,2.2,2,3
"803-93","2",63,2,2,2,2,3,3,3,4,3,4,3,3,1.6,2,3
"805-93","1",47,1,1,1,2,3,3,1,4,3,4,2,3,1.8,3,4
"806-93","2",62,1,3,3,2,3,4,1,4,4,4,4,3,1.2,1,1
"807-93","2",62,1,3,3,3,4,4,1,1,3,3,2,3,2.6,1,1
"808-93","2",44,1,3,1,1,3,3,2,3,4,4,3,4,1.4,2,3
"809-93","2",58,1,4,2,2,4,4,3,4,3,3,3,3,1.8,1,1
"81-93","1",37,1,2,2,1,4,3,3,2,4,3,3,2,2.2,2,3
"810-93","1",71,1,4,3,2,2,3,3,3,4,3,3,3,1.8,1,1
"811-93","2",40,1,1,2,1,2,3,1,3,3,3,3,3,2,3,4
"812-93","2",37,1,5,2,2,4,1,3,3,2,4,3,3,2,1,1
"813-93","2",58,3,2,3,1,3,4,1,4,3,4,4,4,1.2,1,2
"814-93","2",63,1,2,1,2,2,4,1,3,3,3,4,2,2,3,2
"815-93","2",30,1,3,2,1,3,3,1,3,4,3,3,4,1.6,2,3
"816-93","2",38,1,1,2,1,4,4,3,3,4,4,3,3,1.6,2,3
"817-93","1",49,1,1,2,2,3,3,1,3,4,4,3,3,1.6,2,3
"818-93","2",63,1,1,2,2,2,3,1,3,4,4,3,4,1.4,3,4
"819-93","2",44,1,1,1,1,3,3,2,4,4,4,4,4,1,3,4
"82-93","2",83,1,2,2,2,3,3,3,4,4,3,3,1,2,2,3
"820-93","2",38,1,2,2,1,2,2,1,3,3,3,3,3,2,3,4
"821-93","2",26,2,3,3,2,3,4,3,4,2,4,3,3,1.8,1,1
"823-93","2",60,1,1,1,1,2,3,2,3,4,4,4,3,1.4,3,4
"824-93","2",78,1,3,3,3,4,3,3,3,3,4,3,3,1.8,1,1
"825-93","1",38,1,2,1,1,3,2,2,3,3,4,4,3,1.6,3,4
"826-93","2",53,2,3,3,2,3,3,3,3,3,3,3,3,2,1,1
"827-93","2",26,3,3,3,2,4,5,2,3,2,3,3,3,2.2,1,1
"828-93","1",34,1,2,1,1,3,2,2,3,4,4,3,3,1.6,3,4
"829-93","2",68,1,2,1,1,3,3,3,4,4,4,3,4,1.2,3,4
"83-93","1",37,1,1,2,2,3,3,1,3,4,4,3,3,1.6,2,3
"830-93","2",34,2,3,2,2,4,4,3,3,4,4,3,4,1.4,2,3
"831-93","1",41,1,3,1,2,4,3,2,3,4,4,3,3,1.6,2,3
"832-93","1",37,1,3,2,1,3,5,3,3,3,4,3,3,1.8,1,1
"833-93","2",28,3,3,2,2,3,3,3,3,2,3,2,2,2.6,2,3
"834-93","2",28,3,3,2,2,4,3,3,3,2,3,2,3,2.4,2,3
"835-93","2",65,1,3,2,2,3,3,1,3,3,4,3,3,1.8,2,3
"836-93","2",46,1,2,1,1,1,3,1,4,4,4,4,3,1.2,3,4
"837-93","2",48,1,2,1,2,3,3,3,3,3,3,2,3,2.2,3,4
"838-93","2",39,1,1,1,1,3,3,3,4,4,4,3,3,1.4,3,4
"839-93","1",65,1,2,2,1,1,3,1,4,4,4,3,4,1.2,3,4
"84-93","2",61,1,2,1,2,3,4,3,4,4,4,4,4,1,3,2
"840-93","2",63,3,4,3,1,4,5,2,4,1,1,3,4,2.4,1,1
"841-93","1",66,1,2,1,1,4,3,3,4,4,4,3,3,1.4,2,3
"842-93","1",75,1,3,2,2,4,3,1,4,3,3,4,4,1.4,2,3
"843-93","2",56,1,2,1,1,3,3,1,3,4,4,3,3,1.6,3,4
"844-93","2",42,2,3,2,2,4,4,1,3,3,3,3,3,2,2,3
"846-93","1",55,3,3,2,1,5,3,3,2,2,3,3,3,2.4,1,1
"847-93","2",52,1,2,2,2,2,3,1,4,3,4,4,4,1.2,2,3
"848-93","1",32,1,2,2,1,2,4,3,3,3,3,3,3,2,3,2
"849-93","2",47,1,1,1,1,3,3,2,4,4,4,4,4,1,3,4
"85-93","2",34,1,3,2,3,4,5,1,4,4,4,3,4,1.2,1,1
"850-93","2",60,3,4,2,2,4,3,3,4,1,4,4,4,1.6,2,3
"851-93","1",87,1,3,1,1,3,2,2,4,4,3,1,4,1.8,3,4
"852-93","2",49,1,3,2,2,4,3,1,4,4,4,4,3,1.2,2,3
"853-93","1",71,1,3,2,2,4,3,1,3,3,3,1,3,2.4,2,3
"854-93","2",76,1,2,1,2,3,2,1,4,4,4,4,4,1,3,4
"855-93","2",84,2,3,3,2,3,5,3,3,1,4,3,3,2.2,1,1
"857-93","2",70,1,2,2,1,3,3,2,3,4,3,3,3,1.8,2,3
"858-93","1",36,1,2,2,2,4,3,3,3,4,4,3,3,1.6,2,3
"859-93","1",80,2,2,2,2,2,2,1,3,3,2,2,3,2.4,3,4
"86-93","1",54,1,3,1,1,2,3,2,3,4,4,3,3,1.6,2,3
"860-93","1",60,3,3,2,3,3,3,3,3,2,3,3,3,2.2,2,3
"861-93","2",43,3,3,2,3,3,3,3,3,2,3,3,3,2.2,2,3
"863-93","1",43,1,1,3,2,2,4,1,4,4,4,2,4,1.4,1,2
"864-93","2",70,1,2,2,2,2,3,1,3,3,3,3,3,2,2,3
"865-93","1",50,1,2,2,2,4,3,1,3,4,3,3,3,1.8,2,3
"868-93","1",29,1,2,1,1,2,2,2,3,4,4,3,4,1.4,3,4
"869-93","2",30,1,1,1,2,3,5,1,4,4,4,1,4,1.6,3,2
"87-93","2",43,1,3,1,1,3,3,1,4,4,4,4,4,1,2,3
"870-93","1",55,1,1,3,2,3,4,3,3,3,3,3,3,2,1,2
"871-93","1",50,1,2,1,1,4,5,3,3,3,4,2,3,2,1,2
"872-93","2",69,1,2,2,2,4,3,3,2,3,3,2,3,2.4,2,3
"873-93","2",37,3,4,3,2,2,4,3,3,3,4,3,3,1.8,1,1
"875-93","2",34,3,3,2,3,3,4,3,2,3,3,2,2,2.6,2,3
"876-93","1",49,1,3,1,2,4,3,1,4,4,4,3,3,1.4,2,3
"878-93","1",25,1,2,1,1,4,4,2,3,4,4,3,3,1.6,3,2
"88-93","1",72,1,3,1,2,2,4,3,4,4,4,4,3,1.2,3,2
"880-93","1",29,3,3,2,2,4,5,3,4,2,3,3,4,1.8,1,1
"881-93","2",62,1,3,2,2,4,3,1,3,4,4,3,3,1.6,2,3
"883-93","1",42,1,2,1,1,3,4,1,4,4,4,2,4,1.4,3,2
"885-93","1",50,1,3,2,2,3,3,1,4,3,3,3,3,1.8,2,3
"886-93","1",68,1,2,1,1,4,4,3,3,4,4,2,2,2,3,2
"887-93","2",55,3,1,2,2,2,4,3,4,2,3,3,3,2,3,2
"888-93","2",62,3,4,2,3,2,5,3,4,2,4,3,3,1.8,1,1
"89-93","2",74,3,2,2,2,4,3,3,3,1,3,3,4,2.2,2,3
"890-93","2",41,1,2,2,2,2,3,2,3,4,4,3,3,1.6,2,3
"891-93","1",38,1,1,1,1,2,3,2,3,3,3,4,4,1.6,3,4
"892-93","1",32,1,2,1,2,3,3,2,2,3,4,3,3,2,3,4
"893-93","2",44,1,2,3,1,2,4,3,3,3,2,2,2,2.6,1,2
"894-93","2",59,3,3,2,2,3,3,1,4,3,3,3,3,1.8,2,3
"895-93","1",48,3,3,1,2,4,4,2,4,3,4,3,3,1.6,2,2
"896-93","2",37,1,3,1,1,3,4,2,3,4,4,3,3,1.6,2,2
"897-93","1",29,3,3,2,2,3,2,3,2,3,3,3,3,2.2,2,3
"898-93","2",59,1,1,1,1,2,2,3,4,3,4,3,4,1.4,3,4
"899-93","1",86,3,3,2,2,3,4,3,3,1,3,3,1,2.8,2,3
"900-93","2",65,1,1,1,1,2,2,2,2,4,2,2,4,2.2,3,4
"901-93","2",44,1,3,1,2,3,4,1,3,3,4,2,3,2,2,2
"902-93","2",65,1,2,3,2,4,4,1,3,4,3,4,4,1.4,1,2
"903-93","2",30,3,3,2,3,1,4,3,2,3,3,3,2,2.4,1,1
"904-93","2",65,3,4,3,3,2,2,3,4,1,4,4,4,1.6,1,1
"905-93","1",52,1,2,1,1,3,2,1,4,4,4,4,4,1,3,4
"906-93","2",73,1,2,2,1,1,2,1,3,4,4,3,3,1.6,3,4
"907-93","1",46,2,2,1,2,3,3,2,3,3,3,3,3,2,3,4
"909-93","2",51,1,5,2,1,4,2,1,4,4,4,4,4,1,1,1
"91-93","1",68,1,2,1,2,3,3,2,4,4,4,4,4,1,3,4
"911-93","1",51,1,3,2,2,2,3,2,3,3,4,3,3,1.8,2,3
"912-93","2",27,1,3,2,2,3,3,1,4,4,4,3,4,1.2,2,3
"913-93","2",32,1,2,1,2,2,5,3,3,4,4,3,4,1.4,3,2
"914-93","1",29,3,3,2,3,4,5,2,4,4,4,3,4,1.2,1,1
"915-93","2",83,1,3,2,1,3,3,3,2,3,4,2,2,2.4,2,3
"916-93","2",58,1,2,2,1,3,3,3,3,4,3,2,3,2,2,3
"917-93","2",60,1,2,2,2,3,3,3,3,3,3,2,3,2.2,2,3
"918-93","1",85,3,3,2,3,3,3,3,1,1,2,1,1,3.8,2,3
"919-93","2",80,1,2,3,2,3,5,2,2,4,2,2,3,2.4,1,2
"92-93","2",35,2,2,1,2,4,4,1,3,3,2,3,4,2,3,2
"920-93","1",64,1,2,2,1,3,2,3,3,4,4,3,3,1.6,3,4
"921-93","1",33,1,1,2,2,3,3,3,1,3,3,3,2,2.6,2,3
"922-93","1",67,3,4,2,3,3,3,3,4,1,4,3,4,1.8,2,3
"924-93","1",73,1,1,2,1,1,3,3,4,4,3,3,3,1.6,3,4
"925-93","2",35,1,3,2,1,4,3,1,3,4,4,4,3,1.4,2,3
"926-93","1",30,3,4,2,2,4,4,2,3,2,3,1,2,2.8,1,1
"927-93","1",86,3,3,3,3,4,4,3,2,1,2,2,2,3.2,1,1
"928-93","2",47,1,2,2,1,3,4,2,3,3,3,4,3,1.8,2,3
"929-93","1",53,1,3,2,2,3,3,3,3,4,3,3,3,1.8,2,3
"93-93","1",72,1,3,3,1,3,4,2,4,4,4,3,4,1.2,1,1
"930-93","1",22,2,3,2,2,3,3,1,3,3,3,2,3,2.2,2,3
"931-93","2",56,3,2,1,2,2,4,3,3,3,3,3,3,2,3,2
"932-93","1",73,1,3,2,1,2,3,1,4,4,4,4,4,1,2,3
"933-93","1",33,3,4,2,2,3,3,3,3,2,3,3,2,2.4,2,3
"934-93","1",81,1,2,2,1,3,3,2,4,4,4,3,3,1.4,2,3
"936-93","1",50,3,4,3,3,4,3,3,3,3,3,2,2,2.4,1,1
"938-93","2",93,1,3,2,2,3,3,3,3,3,3,3,4,1.8,2,3
"94-93","2",54,3,3,3,3,3,4,3,3,1,3,1,3,2.8,1,1
"941-93","2",52,3,2,1,1,4,3,1,3,2,2,3,4,2.2,2,3
"943-93","1",30,3,3,3,3,3,5,3,1,1,2,1,2,3.6,1,1
"944-93","1",57,1,2,2,2,3,3,3,4,4,4,1,4,1.6,2,3
"946-93","2",49,1,3,2,1,2,2,2,1,4,4,4,4,1.6,3,4
"947-93","2",40,1,2,2,1,3,3,1,3,3,2,3,4,2,2,3
"95-93","1",33,1,3,2,2,3,4,3,4,4,4,4,4,1,2,3
"951-93","2",32,1,2,2,2,3,3,1,4,4,4,3,4,1.2,2,3
"953-93","2",60,1,2,2,2,4,3,3,3,4,3,3,3,1.8,2,3
"954-93","2",62,1,2,2,1,4,3,1,3,4,4,3,4,1.4,2,3
"955-93","1",48,1,2,2,2,4,5,1,4,3,3,3,2,2,1,2
"956-93","2",48,1,2,1,1,2,2,1,4,3,3,3,3,1.8,3,4
"958-93","2",25,1,3,2,2,3,3,1,1,3,3,2,2,2.8,2,3
"959-93","2",76,1,2,1,2,1,2,2,4,4,4,4,4,1,3,4
"960-93","2",66,1,1,1,2,3,4,1,3,3,2,1,1,3,3,2
"961-93","1",28,1,2,1,2,4,5,1,3,4,4,3,3,1.6,1,2
"962-93","2",58,3,4,3,3,4,4,3,4,2,4,4,4,1.4,1,1
"963-93","2",73,1,1,1,2,1,4,3,4,3,4,3,4,1.4,3,4
"964-93","2",30,1,3,3,1,2,4,1,3,3,4,4,3,1.6,1,2
"965-93","2",55,3,4,2,2,4,3,3,3,2,3,3,3,2.2,2,3
"966-93","2",56,3,2,2,2,4,3,3,3,3,3,3,3,2,2,3
"97-93","1",63,2,2,1,2,5,3,2,4,3,3,3,4,1.6,1,2
"970-93","2",65,1,1,1,1,4,3,2,4,3,3,3,2,2,3,4
"971-93","2",23,1,2,1,2,3,4,3,2,4,3,3,4,1.8,3,2
"972-93","1",43,2,3,2,2,4,4,2,3,4,3,3,3,1.8,2,3
"973-93","2",41,1,2,2,2,3,2,1,3,4,4,3,4,1.4,3,4
"974-93","2",41,1,1,1,1,3,3,1,4,4,4,4,4,1,3,4
"976-93","2",32,1,3,1,2,3,4,3,4,4,4,3,4,1.2,2,2
"977-93","2",53,3,3,1,2,3,3,1,4,4,4,4,4,1,2,3
"978-93","2",39,3,3,1,2,3,3,3,3,2,3,3,3,2.2,2,3
"979-93","2",33,1,3,1,2,3,3,3,3,3,3,3,3,2,2,3
"98-93","2",54,3,2,2,1,2,3,3,3,3,3,4,4,1.6,2,3
"980-93","2",52,1,2,2,2,4,3,3,3,3,4,3,3,1.8,2,3
"981-93","2",30,1,2,2,1,3,5,1,3,3,4,3,3,1.8,1,2
"982-93","2",72,1,2,1,2,4,4,1,4,4,4,4,4,1,3,2
"984-93","1",47,1,3,3,2,4,3,3,4,3,3,1,2,2.4,1,1
"985-93","1",74,3,3,1,3,3,2,3,3,2,4,4,4,1.6,3,4
"987-93","2",54,1,3,1,1,1,2,1,3,3,4,3,3,1.8,3,4
"988-93","2",52,2,3,1,2,4,3,1,1,3,3,3,4,2.2,2,3
"990-93","2",24,1,2,2,2,4,2,2,4,3,4,3,4,1.4,3,4
"991-93","2",41,1,2,2,2,3,3,2,3,3,4,3,2,2,2,3
"992-93","2",52,3,3,3,3,3,4,2,4,4,4,4,4,1,1,1
"993-93","1",27,1,3,2,2,4,3,2,4,4,2,2,2,2.2,2,3
"995-93","2",64,2,3,2,2,5,4,2,3,3,3,2,3,2.2,1,1
"996-93","2",21,3,4,2,3,5,5,3,3,2,3,2,3,2.4,1,1
"997-93","1",49,1,3,2,3,3,3,1,3,3,3,3,3,2,2,3
"998-93","2",62,1,1,1,1,3,2,1,3,4,4,4,4,1.2,3,4
